-- phpMyAdmin SQL Dump
-- version 4.0.10.10
-- http://www.phpmyadmin.net
--
-- Host: localhost
-- Generation Time: Nov 20, 2015 at 04:38 PM
-- Server version: 5.1.73-community
-- PHP Version: 5.3.29

SET SQL_MODE = "NO_AUTO_VALUE_ON_ZERO";
SET time_zone = "+00:00";


/*!40101 SET @OLD_CHARACTER_SET_CLIENT=@@CHARACTER_SET_CLIENT */;
/*!40101 SET @OLD_CHARACTER_SET_RESULTS=@@CHARACTER_SET_RESULTS */;
/*!40101 SET @OLD_COLLATION_CONNECTION=@@COLLATION_CONNECTION */;
/*!40101 SET NAMES utf8 */;

--
-- Database: `ddubois_grupo10`
--

DELIMITER $$
--
-- Procedures
--
CREATE DEFINER=`ddubois_grupo10`@`localhost` PROCEDURE `cantidad`(in este_grupofamiliar int)
begin

    select Nro_GrupoFamiliar, cur.ID_Alumno, count(cur.ID_Alumno) as Años_Cursados
    from Grupo_Familiar gf inner join Cursando cur on gf.ID_Alumno = cur.ID_Alumno
    where Nro_GrupoFamiliar = este_grupofamiliar
    group by ID_Alumno;

end$$

CREATE DEFINER=`ddubois_grupo10`@`localhost` PROCEDURE `inscripcion_automatica`(in este_anio int)
begin

    declare id_student int;
	declare year int;
	declare grade int;
    declare state varchar(16);
	declare secc varchar(16);
	declare turn varchar(16);
    
    declare cur1 cursor for select ID_Alumno, Grado, Seccion, Turno, Estado, Año from Cursando where Estado = 'finalizado' and Año = este_anio;

	declare continue handler for not found set @done = true;
    
    open cur1;
    
    read_loop: loop
        fetch cur1 into id_student, grade, secc, turn, state, year;
    
		if @done then
			leave read_loop;
		end if;

        if grade = 1 then
            insert into Cursando values (id_student, grade + 1, secc, turn, 'cursando', year + 1);
        elseif grade = 2 then
            insert into Cursando values (id_student, grade + 1, secc, turn, 'cursando', year + 1);
        elseif grade = 3 then
            insert into Cursando values (id_student, grade + 1, secc, turn, 'cursando', year + 1);
        elseif grade = 4 then
            insert into Cursando values (id_student, grade + 1, secc, turn, 'cursando', year + 1);
        elseif grade = 5 then
            insert into Cursando values (id_student, grade + 1, secc, turn, 'cursando', year + 1);

		end if;
      end loop read_loop;

    close cur1;

end$$

CREATE DEFINER=`ddubois_grupo10`@`localhost` PROCEDURE `listado_curso`(in este_anio int)
begin

select Grado, Seccion, Turno, count(ID_Alumno) as cant_alumnos 
from Cursando
where Año=este_anio
group by Grado, Seccion, Turno;


end$$

CREATE DEFINER=`ddubois_grupo10`@`localhost` PROCEDURE `listado_cursos`(in este_anio int)
begin

select Grado, Seccion, Turno, count(distinct ID_Alumno) as cant_alumnos 
from Cursando
where Año=este_anio
group by Grado, Seccion, Turno;

end$$

CREATE DEFINER=`ddubois_grupo10`@`localhost` PROCEDURE `tutores_hijos`(in var_curso int, in s char(1))
begin

Select t1.ID_Tutor, t2.Hijos, t1.Grado, t1.Seccion, t2.Nombre, t2.Apellido From (

SELECT Tab.ID_Alumno, Tab.Grado, Tab.Seccion, Tab.Turno, Tab. Estado, gf.ID_Tutor, gf.Nro_GrupoFamiliar FROM 
(SELECT DISTINCT(cur.ID_Alumno), Grado, Seccion, Turno, Estado, Año FROM Cursando as cur inner join Alumnos as alu on cur.ID_Alumno WHERE Grado=var_curso and Seccion=s and Año=2015) as Tab
INNER JOIN Grupo_Familiar as gf on gf.ID_Alumno WHERE Tab.ID_Alumno = gf.ID_Alumno )as t1

inner join (

SELECT grupo.ID_Tutor, count(ID_Alumno) as Hijos, tuto.Nombre, tuto.Apellido
FROM Grupo_Familiar as grupo inner join Tutores as tuto on tuto.ID_Tutor 
WHERE grupo.ID_Tutor = tuto.ID_Tutor
group by ID_Tutor) as t2 on t1.ID_Tutor Where t1.ID_Tutor=t2.ID_Tutor;

end$$

DELIMITER ;

-- --------------------------------------------------------

--
-- Table structure for table `Alumnos`
--

CREATE TABLE IF NOT EXISTS `Alumnos` (
  `ID_Alumno` int(8) NOT NULL,
  `Nombre` varchar(20) NOT NULL,
  `Apellido` varchar(20) NOT NULL,
  PRIMARY KEY (`ID_Alumno`)
) ENGINE=InnoDB DEFAULT CHARSET=latin1;

--
-- Dumping data for table `Alumnos`
--

INSERT INTO `Alumnos` (`ID_Alumno`, `Nombre`, `Apellido`) VALUES
(1, 'Holly', 'Kline'),
(2, 'May', 'Smith'),
(3, 'Aileen', 'Norris'),
(4, 'Teagan', 'Cherry'),
(5, 'Breanna', 'Fields'),
(6, 'Conan', 'Lott'),
(7, 'Ila', 'Wyatt'),
(8, 'Sierra', 'Wall'),
(9, 'Chastity', 'Pacheco'),
(10, 'Chantale', 'Hart'),
(11, 'Vance', 'Rowland'),
(12, 'Ivy', 'Barber'),
(13, 'Jael', 'Watkins'),
(14, 'Paki', 'Kerr'),
(15, 'Germaine', 'Frost'),
(16, 'Rogan', 'Pennington'),
(17, 'Kasimir', 'Nixon'),
(18, 'Ivor', 'Garza'),
(19, 'Macy', 'Juarez'),
(20, 'Owen', 'Erickson'),
(21, 'Neville', 'Gates'),
(22, 'Charles', 'Wolfe'),
(23, 'Kirestin', 'Fulton'),
(24, 'Denise', 'Sullivan'),
(25, 'Flavia', 'Robbins'),
(26, 'Kibo', 'Guerrero'),
(27, 'Eagan', 'Arnold'),
(28, 'Carl', 'Keller'),
(29, 'Gage', 'Bryant'),
(30, 'Aimee', 'Baird'),
(31, 'Barrett', 'Wheeler'),
(32, 'Venus', 'Freeman'),
(33, 'Mufutau', 'West'),
(34, 'Brian', 'Rodriguez'),
(35, 'Lev', 'Maynard'),
(36, 'Candace', 'Barry'),
(37, 'Hilda', 'Lane'),
(38, 'Tate', 'Rivas'),
(39, 'Elizabeth', 'Rush'),
(40, 'Dante', 'Morin'),
(41, 'Ciara', 'Clay'),
(42, 'Eric', 'Madden'),
(43, 'Paki', 'Morrow'),
(44, 'Barry', 'Mercer'),
(45, 'Tatum', 'Harrington'),
(46, 'Rooney', 'Vinson'),
(47, 'Debra', 'Chambers'),
(48, 'Randall', 'Manning'),
(49, 'Samantha', 'Compton'),
(50, 'Kirestin', 'Nelson'),
(51, 'Santiago', 'Gonzalez'),
(52, 'Mateo', 'Rodriguez'),
(53, 'Sebastian', 'Gomez'),
(54, 'Alejandro', 'Fernandez'),
(55, 'Matias', 'Lopez'),
(56, 'Diego', 'Diaz'),
(57, 'Samuel', 'Martinez'),
(58, 'Nicolas', 'Perez'),
(59, 'Daniel', 'Garcia'),
(60, 'Tincho', 'Sanchez'),
(61, 'Benjamin', 'ROMERO'),
(62, 'Emiliano', 'Sosa'),
(63, 'Leonardo', 'Alvarez'),
(64, 'Joaquin', 'TORRES'),
(65, 'Lucas', 'Gome'),
(66, 'Iker', 'Ramirez'),
(67, 'Gabriel', 'Flores'),
(68, 'Thiago', 'Acosta'),
(69, 'Adrian', 'Benitez'),
(70, 'Bruno', 'Medina'),
(71, 'Dylan', 'Suarez'),
(72, 'Tomas', 'Herrera'),
(73, 'David', 'Aguirre'),
(74, 'Agustin', 'Pereyra'),
(75, 'Ian', 'Gutierrez'),
(76, 'Ethan', 'Gimenez'),
(77, 'Felipe', 'MOLINA'),
(78, 'Maximiliano', 'silva'),
(79, 'Eric', 'CASTRO'),
(80, 'Hugo', 'ROJAS'),
(81, 'Pablo', 'Ortiz'),
(82, 'Luca', 'Nuniez'),
(83, 'Rodrigo', 'luna'),
(84, 'Ignacio', 'Juarez'),
(85, 'Simon', 'Cabrera'),
(86, 'Carlos', 'Rios'),
(87, 'Javier', 'Perez'),
(88, 'Juan', 'Godoy'),
(89, 'Isaac', 'Morales'),
(90, 'Santino', 'Dominguez '),
(91, 'Manuel', 'Moreno'),
(92, 'Jeronimo', 'Peralta'),
(93, 'Emmanuel', 'Vega'),
(94, 'Aaron', 'Carrizo'),
(95, 'Angel', 'Quiroga'),
(96, 'Dante', 'Castillo'),
(97, 'Gael', 'Ledesma'),
(98, 'Vicente', 'Munioz'),
(99, 'Juan', 'Ojeda'),
(100, 'Liam', 'ponce');

-- --------------------------------------------------------

--
-- Table structure for table `Cuota`
--

CREATE TABLE IF NOT EXISTS `Cuota` (
  `Mes` varchar(20) NOT NULL,
  `Año` int(11) NOT NULL,
  PRIMARY KEY (`Mes`,`Año`)
) ENGINE=InnoDB DEFAULT CHARSET=latin1;

--
-- Dumping data for table `Cuota`
--

INSERT INTO `Cuota` (`Mes`, `Año`) VALUES
('Abril', 2009),
('Abril', 2010),
('Abril', 2011),
('Abril', 2012),
('Abril', 2013),
('Abril', 2014),
('Abril', 2015),
('Agosto', 2009),
('Agosto', 2010),
('Agosto', 2011),
('Agosto', 2012),
('Agosto', 2013),
('Agosto', 2014),
('Agosto', 2015),
('Diciembre', 2009),
('Diciembre', 2011),
('Diciembre', 2013),
('Diciembre', 2014),
('Diciembre', 2015),
('Julio', 2009),
('Julio', 2010),
('Julio', 2011),
('Julio', 2012),
('Julio', 2013),
('Julio', 2014),
('Julio', 2015),
('Junio', 2009),
('Junio', 2010),
('Junio', 2011),
('Junio', 2012),
('Junio', 2013),
('Junio', 2014),
('Junio', 2015),
('Marzo', 2010),
('Marzo', 2011),
('Marzo', 2012),
('Marzo', 2013),
('Marzo', 2014),
('Marzo', 2015),
('Mayo', 2009),
('Mayo', 2010),
('Mayo', 2011),
('Mayo', 2012),
('Mayo', 2013),
('Mayo', 2014),
('Mayo', 2015),
('Noviembre', 2009),
('Noviembre', 2010),
('Noviembre', 2011),
('Noviembre', 2012),
('Noviembre', 2013),
('Noviembre', 2014),
('Noviembre', 2015),
('Octubre', 2009),
('Octubre', 2010),
('Octubre', 2011),
('Octubre', 2012),
('Octubre', 2013),
('Octubre', 2014),
('Octubre', 2015),
('Septiembre', 2009),
('Septiembre', 2010),
('Septiembre', 2011),
('Septiembre', 2012),
('Septiembre', 2013),
('Septiembre', 2014),
('Septiembre', 2015);

-- --------------------------------------------------------

--
-- Table structure for table `Cursando`
--

CREATE TABLE IF NOT EXISTS `Cursando` (
  `ID_Alumno` int(11) NOT NULL,
  `Grado` int(11) NOT NULL,
  `Seccion` varchar(20) NOT NULL,
  `Turno` varchar(20) NOT NULL,
  `Estado` varchar(20) NOT NULL,
  `Año` int(11) NOT NULL,
  PRIMARY KEY (`ID_Alumno`,`Grado`,`Seccion`,`Turno`,`Año`)
) ENGINE=InnoDB DEFAULT CHARSET=latin1;

--
-- Dumping data for table `Cursando`
--

INSERT INTO `Cursando` (`ID_Alumno`, `Grado`, `Seccion`, `Turno`, `Estado`, `Año`) VALUES
(1, 1, 'A', 'Mañana', 'Finalizado', 2009),
(1, 2, 'A', 'Mañana', 'Finalizado', 2010),
(1, 3, 'A', 'Mañana', 'Finalizado', 2011),
(1, 4, 'A', 'Mañana', 'Finalizado', 2012),
(1, 5, 'A', 'Mañana', 'Finalizado', 2013),
(1, 6, 'A', 'Mañana', 'Finalizado', 2014),
(2, 1, 'A', 'Mañana', 'Finalizado', 2009),
(2, 2, 'A', 'Mañana', 'Finalizado', 2010),
(2, 3, 'A', 'Mañana', 'Finalizado', 2011),
(2, 4, 'A', 'Mañana', 'Finalizado', 2012),
(2, 5, 'A', 'Mañana', 'Finalizado', 2013),
(2, 6, 'A', 'Mañana', 'Finalizado', 2014),
(3, 1, 'A', 'Mañana', 'Finalizado', 2009),
(3, 2, 'A', 'Mañana', 'Finalizado', 2010),
(3, 3, 'A', 'Mañana', 'Finalizado', 2011),
(4, 1, 'A', 'Mañana', 'Finalizado', 2009),
(4, 2, 'A', 'Mañana', 'Finalizado', 2010),
(4, 3, 'A', 'Mañana', 'Finalizado', 2011),
(4, 4, 'A', 'Mañana', 'Finalizado', 2012),
(4, 5, 'A', 'Mañana', 'Repite', 2013),
(4, 5, 'A', 'Mañana', 'Pendiente', 2014),
(4, 6, 'A', 'Mañana', 'Cursando', 2015),
(5, 1, 'A', 'Mañana', 'Finalizado', 2009),
(5, 2, 'B', 'Mañana', 'Finalizado', 2010),
(5, 3, 'B', 'Mañana', 'Finalizado', 2011),
(5, 4, 'B', 'Mañana', 'Finalizado', 2012),
(5, 5, 'B', 'Mañana', 'Finalizado', 2013),
(5, 6, 'A', 'Mañana', 'Finalizado', 2014),
(6, 1, 'A', 'Mañana', 'Finalizado', 2009),
(6, 2, 'B', 'Mañana', 'Finalizado', 2010),
(6, 3, 'B', 'Mañana', 'Finalizado', 2011),
(6, 4, 'B', 'Mañana', 'Finalizado', 2012),
(6, 5, 'B', 'Mañana', 'Finalizado', 2013),
(6, 6, 'A', 'Mañana', 'Finalizado', 2014),
(7, 1, 'A', 'Mañana', 'Finalizado', 2009),
(7, 2, 'B', 'Mañana', 'Finalizado', 2010),
(7, 3, 'B', 'Mañana', 'Finalizado', 2011),
(7, 4, 'B', 'Mañana', 'Finalizado', 2012),
(7, 5, 'B', 'Mañana', 'Finalizado', 2013),
(7, 6, 'A', 'Mañana', 'Finalizado', 2014),
(8, 1, 'B', 'Tarde', 'Finalizado', 2009),
(8, 2, 'B', 'Mañana', 'Finalizado', 2010),
(8, 3, 'B', 'Mañana', 'Finalizado', 2011),
(8, 4, 'B', 'Mañana', 'Finalizado', 2012),
(8, 5, 'B', 'Mañana', 'Finalizado', 2013),
(8, 6, 'A', 'Mañana', 'Finalizado', 2014),
(9, 1, 'B', 'Tarde', 'Finalizado', 2009),
(9, 2, 'C', 'Tarde', 'Finalizado', 2010),
(9, 3, 'C', 'Tarde', 'Finalizado', 2011),
(9, 4, 'C', 'Tarde', 'Finalizado', 2012),
(10, 1, 'B', 'Tarde', 'Finalizado', 2009),
(10, 2, 'C', 'Tarde', 'Finalizado', 2010),
(10, 3, 'C', 'Tarde', 'Finalizado', 2011),
(10, 4, 'C', 'Tarde', 'Finalizado', 2012),
(10, 5, 'C', 'Tarde', 'Finalizado', 2013),
(10, 6, 'B', 'Tarde', 'Finalizado', 2014),
(11, 1, 'B', 'Tarde', 'Finalizado', 2009),
(11, 2, 'C', 'Tarde', 'Finalizado', 2010),
(11, 3, 'C', 'Tarde', 'Finalizado', 2011),
(11, 4, 'C', 'Tarde', 'Finalizado', 2012),
(11, 5, 'C', 'Tarde', 'Finalizado', 2013),
(11, 6, 'B', 'Tarde', 'Finalizado', 2014),
(12, 1, 'B', 'Tarde', 'Finalizado', 2009),
(12, 2, 'D', 'Tarde', 'Finalizado', 2010),
(12, 3, 'D', 'Tarde', 'Finalizado', 2011),
(12, 4, 'D', 'Tarde', 'Finalizado', 2012),
(12, 5, 'D', 'Tarde', 'Finalizado', 2013),
(12, 6, 'B', 'Tarde', 'Finalizado', 2014),
(13, 1, 'B', 'Tarde', 'Finalizado', 2009),
(13, 2, 'D', 'Tarde', 'Finalizado', 2010),
(13, 3, 'D', 'Tarde', 'Finalizado', 2011),
(13, 4, 'D', 'Tarde', 'Finalizado', 2012),
(13, 5, 'D', 'Tarde', 'Finalizado', 2013),
(13, 6, 'B', 'Tarde', 'Finalizado', 2014),
(14, 1, 'B', 'Tarde', 'Finalizado', 2009),
(14, 2, 'D', 'Tarde', 'Finalizado', 2010),
(14, 3, 'D', 'Tarde', 'Finalizado', 2011),
(14, 4, 'D', 'Tarde', 'Finalizado', 2012),
(14, 5, 'D', 'Tarde', 'Finalizado', 2013),
(14, 6, 'B', 'Tarde', 'Finalizado', 2014),
(15, 1, 'A', 'Mañana', 'Finalizado', 2010),
(15, 2, 'A', 'Mañana', 'Finalizado', 2011),
(15, 3, 'A', 'Mañana', 'Finalizado', 2012),
(15, 4, 'A', 'Mañana', 'Finalizado', 2013),
(15, 5, 'A', 'Mañana', 'Finalizado', 2014),
(15, 6, 'A', 'Mañana', 'Cursando', 2015),
(16, 1, 'A', 'Mañana', 'Finalizado', 2010),
(16, 2, 'A', 'Mañana', 'Finalizado', 2011),
(16, 3, 'A', 'Mañana', 'Finalizado', 2012),
(16, 4, 'A', 'Mañana', 'Finalizado', 2013),
(16, 5, 'A', 'Mañana', 'Finalizado', 2014),
(16, 6, 'A', 'Mañana', 'Cursando', 2015),
(17, 1, 'A', 'Mañana', 'Finalizado', 2010),
(17, 2, 'A', 'Mañana', 'Finalizado', 2011),
(17, 3, 'A', 'Mañana', 'Finalizado', 2012),
(17, 4, 'A', 'Mañana', 'Finalizado', 2013),
(17, 5, 'A', 'Mañana', 'Finalizado', 2014),
(17, 6, 'A', 'Mañana', 'Cursando', 2015),
(18, 1, 'A', 'Mañana', 'Finalizado', 2010),
(18, 2, 'A', 'Mañana', 'Finalizado', 2011),
(18, 3, 'A', 'Mañana', 'Finalizado', 2012),
(18, 4, 'A', 'Mañana', 'Finalizado', 2013),
(18, 5, 'A', 'Mañana', 'Pendiente', 2014),
(18, 6, 'A', 'Mañana', 'Cursando', 2015),
(19, 1, 'B', 'Mañana', 'Finalizado', 2010),
(19, 2, 'B', 'Mañana', 'Finalizado', 2011),
(19, 3, 'B', 'Mañana', 'Finalizado', 2012),
(19, 4, 'B', 'Mañana', 'Finalizado', 2013),
(19, 5, 'B', 'Mañana', 'Finalizado', 2014),
(19, 6, 'B', 'Mañana', 'Cursando', 2015),
(20, 1, 'B', 'Mañana', 'Finalizado', 2010),
(20, 2, 'B', 'Mañana', 'Finalizado', 2011),
(20, 3, 'B', 'Mañana', 'Finalizado', 2012),
(20, 4, 'B', 'Mañana', 'Finalizado', 2013),
(20, 5, 'B', 'Mañana', 'Finalizado', 2014),
(20, 6, 'B', 'Mañana', 'Cursando', 2015),
(21, 1, 'B', 'Mañana', 'Finalizado', 2010),
(21, 2, 'B', 'Mañana', 'Finalizado', 2011),
(21, 3, 'B', 'Mañana', 'Finalizado', 2012),
(21, 4, 'B', 'Mañana', 'Finalizado', 2013),
(21, 5, 'B', 'Mañana', 'Finalizado', 2014),
(21, 6, 'B', 'Mañana', 'Cursando', 2015),
(22, 1, 'B', 'Mañana', 'Finalizado', 2010),
(22, 2, 'B', 'Mañana', 'Finalizado', 2011),
(22, 3, 'B', 'Mañana', 'Finalizado', 2012),
(22, 4, 'B', 'Mañana', 'Finalizado', 2013),
(22, 5, 'C', 'Tarde', 'Finalizado', 2014),
(22, 6, 'D', 'Tarde', 'Cursando', 2015),
(23, 1, 'C', 'Tarde', 'Finalizado', 2010),
(23, 2, 'C', 'Tarde', 'Finalizado', 2011),
(23, 3, 'C', 'Tarde', 'Finalizado', 2012),
(23, 4, 'C', 'Tarde', 'Finalizado', 2013),
(23, 5, 'C', 'Tarde', 'Finalizado', 2014),
(23, 6, 'C', 'Tarde', 'Cursando', 2015),
(24, 1, 'C', 'Tarde', 'Finalizado', 2010),
(24, 2, 'C', 'Tarde', 'Finalizado', 2011),
(24, 3, 'C', 'Tarde', 'Finalizado', 2012),
(25, 1, 'C', 'Tarde', 'Finalizado', 2010),
(25, 2, 'C', 'Tarde', 'Finalizado', 2011),
(25, 3, 'C', 'Tarde', 'Finalizado', 2012),
(25, 4, 'C', 'Tarde', 'Finalizado', 2013),
(25, 5, 'C', 'Tarde', 'Finalizado', 2014),
(25, 6, 'A', 'Mañana', 'Cursando', 2015),
(26, 1, 'D', 'Tarde', 'Finalizado', 2010),
(26, 2, 'D', 'Tarde', 'Finalizado', 2011),
(26, 3, 'D', 'Tarde', 'Finalizado', 2012),
(26, 4, 'D', 'Tarde', 'Finalizado', 2013),
(26, 5, 'D', 'Tarde', 'Pendiente', 2014),
(26, 6, 'D', 'Tarde', 'Cursando', 2015),
(27, 1, 'D', 'Tarde', 'Finalizado', 2010),
(27, 2, 'D', 'Tarde', 'Finalizado', 2011),
(27, 3, 'D', 'Tarde', 'Finalizado', 2012),
(27, 4, 'D', 'Tarde', 'Finalizado', 2013),
(27, 5, 'D', 'Tarde', 'Finalizado', 2014),
(27, 6, 'D', 'Tarde', 'Cursando', 2015),
(28, 1, 'D', 'Tarde', 'Finalizado', 2010),
(28, 2, 'D', 'Tarde', 'Finalizado', 2011),
(28, 3, 'D', 'Tarde', 'Finalizado', 2012),
(28, 4, 'D', 'Tarde', 'Finalizado', 2013),
(28, 5, 'D', 'Tarde', 'Finalizado', 2014),
(28, 6, 'D', 'Tarde', 'Cursando', 2015),
(29, 1, 'A', 'Mañana', 'Finalizado', 2011),
(29, 2, 'A', 'Mañana', 'Finalizado', 2012),
(29, 3, 'A', 'Mañana', 'Finalizado', 2013),
(29, 4, 'A', 'Mañana', 'Finalizado', 2014),
(29, 5, 'A', 'Mañana', 'Cursando', 2015),
(30, 1, 'A', 'Mañana', 'Finalizado', 2011),
(30, 2, 'A', 'Mañana', 'Finalizado', 2012),
(30, 3, 'A', 'Mañana', 'Finalizado', 2013),
(30, 4, 'A', 'Mañana', 'Finalizado', 2014),
(30, 5, 'A', 'Mañana', 'Cursando', 2015),
(31, 1, 'A', 'Mañana', 'Finalizado', 2011),
(31, 2, 'A', 'Mañana', 'Finalizado', 2012),
(31, 3, 'A', 'Mañana', 'Finalizado', 2013),
(31, 4, 'A', 'Mañana', 'Pendiente', 2014),
(31, 5, 'A', 'Mañana', 'Cursando', 2015),
(32, 1, 'A', 'Mañana', 'Finalizado', 2011),
(32, 2, 'A', 'Mañana', 'Finalizado', 2012),
(32, 3, 'A', 'Mañana', 'Finalizado', 2013),
(32, 4, 'A', 'Mañana', 'Finalizado', 2014),
(32, 5, 'A', 'Mañana', 'Cursando', 2015),
(33, 1, 'B', 'Mañana', 'Finalizado', 2011),
(33, 2, 'B', 'Mañana', 'Finalizado', 2012),
(33, 3, 'B', 'Mañana', 'Finalizado', 2013),
(33, 4, 'B', 'Mañana', 'Finalizado', 2014),
(33, 5, 'B', 'Mañana', 'Cursando', 2015),
(34, 1, 'B', 'Mañana', 'Finalizado', 2011),
(34, 2, 'B', 'Mañana', 'Finalizado', 2012),
(34, 3, 'B', 'Mañana', 'Finalizado', 2013),
(34, 4, 'B', 'Mañana', 'Finalizado', 2014),
(34, 5, 'B', 'Mañana', 'Cursando', 2015),
(35, 1, 'B', 'Mañana', 'Finalizado', 2011),
(35, 2, 'B', 'Mañana', 'Finalizado', 2012),
(35, 3, 'B', 'Mañana', 'Finalizado', 2013),
(35, 4, 'B', 'Mañana', 'Finalizado', 2014),
(35, 5, 'B', 'Mañana', 'Cursando', 2015),
(36, 1, 'B', 'Mañana', 'Finalizado', 2011),
(36, 2, 'B', 'Mañana', 'Finalizado', 2012),
(36, 3, 'B', 'Mañana', 'Finalizado', 2013),
(36, 4, 'B', 'Mañana', 'Finalizado', 2014),
(36, 5, 'B', 'Mañana', 'Cursando', 2015),
(37, 1, 'C', 'Tarde', 'Finalizado', 2011),
(37, 2, 'C', 'Tarde', 'Finalizado', 2012),
(37, 3, 'C', 'Tarde', 'Finalizado', 2013),
(37, 4, 'C', 'Tarde', 'Finalizado', 2014),
(37, 5, 'C', 'Tarde', 'Cursando', 2015),
(38, 1, 'C', 'Tarde', 'Finalizado', 2011),
(38, 2, 'C', 'Tarde', 'Finalizado', 2012),
(38, 3, 'C', 'Tarde', 'Finalizado', 2013),
(38, 4, 'C', 'Tarde', 'Finalizado', 2014),
(38, 5, 'C', 'Tarde', 'Cursando', 2015),
(39, 1, 'C', 'Tarde', 'Finalizado', 2011),
(39, 2, 'C', 'Tarde', 'Finalizado', 2012),
(39, 3, 'C', 'Tarde', 'Finalizado', 2013),
(39, 4, 'C', 'Tarde', 'Finalizado', 2014),
(39, 5, 'C', 'Tarde', 'Cursando', 2015),
(40, 1, 'D', 'Tarde', 'Finalizado', 2011),
(40, 2, 'D', 'Tarde', 'Finalizado', 2012),
(40, 3, 'D', 'Tarde', 'Finalizado', 2013),
(40, 4, 'D', 'Tarde', 'Finalizado', 2014),
(40, 5, 'D', 'Tarde', 'Cursando', 2015),
(41, 1, 'D', 'Tarde', 'Finalizado', 2011),
(41, 2, 'D', 'Tarde', 'Finalizado', 2012),
(41, 3, 'D', 'Tarde', 'Finalizado', 2013),
(41, 4, 'D', 'Tarde', 'Finalizado', 2014),
(41, 5, 'D', 'Tarde', 'Cursando', 2015),
(42, 1, 'D', 'Tarde', 'Finalizado', 2011),
(42, 2, 'D', 'Tarde', 'Finalizado', 2012),
(42, 3, 'D', 'Tarde', 'Finalizado', 2013),
(42, 4, 'D', 'Tarde', 'Finalizado', 2014),
(42, 5, 'D', 'Tarde', 'Cursando', 2015),
(43, 1, 'A', 'Mañana', 'Finalizado', 2012),
(43, 2, 'A', 'Mañana', 'Finalizado', 2013),
(43, 3, 'A', 'Mañana', 'Finalizado', 2014),
(43, 4, 'A', 'Mañana', 'Cursando', 2015),
(44, 1, 'A', 'Mañana', 'Finalizado', 2012),
(44, 2, 'A', 'Mañana', 'Finalizado', 2013),
(44, 3, 'A', 'Mañana', 'Finalizado', 2014),
(44, 4, 'A', 'Mañana', 'Cursando', 2015),
(45, 1, 'A', 'Mañana', 'Finalizado', 2012),
(45, 2, 'A', 'Mañana', 'Finalizado', 2013),
(45, 3, 'A', 'Mañana', 'Finalizado', 2014),
(45, 4, 'A', 'Mañana', 'Cursando', 2015),
(46, 1, 'A', 'Mañana', 'Finalizado', 2012),
(46, 2, 'A', 'Mañana', 'Finalizado', 2013),
(46, 3, 'A', 'Mañana', 'Finalizado', 2014),
(46, 4, 'A', 'Mañana', 'Cursando', 2015),
(47, 1, 'B', 'Mañana', 'Finalizado', 2012),
(47, 2, 'B', 'Mañana', 'Finalizado', 2013),
(47, 3, 'B', 'Mañana', 'Finalizado', 2014),
(47, 4, 'B', 'Mañana', 'Cursando', 2015),
(48, 1, 'B', 'Mañana', 'Finalizado', 2012),
(48, 2, 'B', 'Mañana', 'Finalizado', 2013),
(48, 3, 'B', 'Mañana', 'Finalizado', 2014),
(48, 4, 'B', 'Mañana', 'Cursando', 2015),
(49, 1, 'B', 'Mañana', 'Finalizado', 2012),
(49, 2, 'B', 'Mañana', 'Finalizado', 2013),
(49, 3, 'B', 'Mañana', 'Finalizado', 2014),
(49, 4, 'B', 'Mañana', 'Cursando', 2015),
(50, 1, 'B', 'Mañana', 'Finalizado', 2012),
(50, 2, 'B', 'Mañana', 'Finalizado', 2013),
(50, 3, 'B', 'Mañana', 'Pendiente', 2014),
(50, 4, 'B', 'Mañana', 'Cursando', 2015),
(51, 1, 'C', 'Tarde', 'Finalizado', 2012),
(51, 2, 'C', 'Tarde', 'Finalizado', 2013),
(51, 3, 'C', 'Tarde', 'Finalizado', 2014),
(51, 4, 'C', 'Tarde', 'finalizado', 2015),
(52, 1, 'C', 'Tarde', 'Finalizado', 2012),
(52, 2, 'C', 'Tarde', 'Finalizado', 2013),
(52, 3, 'C', 'Tarde', 'Finalizado', 2014),
(52, 4, 'C', 'Tarde', 'finalizado', 2015),
(53, 1, 'C', 'Tarde', 'Finalizado', 2012),
(53, 2, 'C', 'Tarde', 'Finalizado', 2013),
(53, 3, 'C', 'Tarde', 'Pendiente', 2014),
(53, 4, 'C', 'Tarde', 'finalizado', 2015),
(54, 1, 'D', 'Tarde', 'Finalizado', 2012),
(54, 2, 'D', 'Tarde', 'Finalizado', 2013),
(54, 3, 'D', 'Tarde', 'Finalizado', 2014),
(54, 4, 'D', 'Tarde', 'finalizado', 2015),
(55, 1, 'D', 'Tarde', 'Finalizado', 2012),
(55, 2, 'D', 'Tarde', 'Finalizado', 2013),
(55, 3, 'D', 'Tarde', 'Finalizado', 2014),
(55, 4, 'D', 'Tarde', 'finalizado', 2015),
(56, 1, 'D', 'Tarde', 'Finalizado', 2012),
(56, 2, 'D', 'Tarde', 'Finalizado', 2013),
(56, 3, 'D', 'Tarde', 'Finalizado', 2014),
(56, 4, 'D', 'Tarde', 'finalizado', 2015),
(57, 1, 'A', 'Mañana', 'Finalizado', 2013),
(57, 2, 'A', 'Mañana', 'Finalizado', 2014),
(57, 3, 'A', 'Mañana', 'Cursando', 2015),
(58, 1, 'A', 'Mañana', 'Finalizado', 2013),
(58, 2, 'A', 'Mañana', 'Finalizado', 2014),
(58, 3, 'A', 'Mañana', 'Cursando', 2015),
(59, 1, 'A', 'Mañana', 'Finalizado', 2013),
(59, 2, 'A', 'Mañana', 'Finalizado', 2014),
(59, 3, 'A', 'Mañana', 'Cursando', 2015),
(60, 1, 'A', 'Mañana', 'Finalizado', 2013),
(60, 2, 'A', 'Mañana', 'Finalizado', 2014),
(60, 3, 'A', 'Mañana', 'Cursando', 2015),
(61, 1, 'B', 'Mañana', 'Finalizado', 2013),
(61, 2, 'B', 'Mañana', 'Finalizado', 2014),
(61, 3, 'B', 'Mañana', 'Cursando', 2015),
(62, 1, 'B', 'Mañana', 'Finalizado', 2013),
(62, 2, 'B', 'Mañana', 'Finalizado', 2014),
(62, 3, 'B', 'Mañana', 'Cursando', 2015),
(63, 1, 'B', 'Mañana', 'Finalizado', 2013),
(63, 2, 'B', 'Mañana', 'Finalizado', 2014),
(63, 3, 'B', 'Mañana', 'Cursando', 2015),
(64, 1, 'B', 'Mañana', 'Finalizado', 2013),
(64, 2, 'B', 'Mañana', 'Finalizado', 2014),
(64, 3, 'B', 'Mañana', 'Cursando', 2015),
(65, 1, 'C', 'Tarde', 'Finalizado', 2013),
(65, 2, 'C', 'Tarde', 'Finalizado', 2014),
(65, 3, 'C', 'Tarde', 'Cursando', 2015),
(66, 1, 'C', 'Tarde', 'Finalizado', 2013),
(66, 2, 'C', 'Tarde', 'Finalizado', 2014),
(66, 3, 'C', 'Tarde', 'finalizado', 2015),
(67, 1, 'C', 'Tarde', 'Finalizado', 2013),
(67, 2, 'C', 'Tarde', 'Finalizado', 2014),
(67, 3, 'C', 'Tarde', 'finalizado', 2015),
(68, 1, 'D', 'Tarde', 'Finalizado', 2013),
(68, 2, 'D', 'Tarde', 'Finalizado', 2014),
(68, 3, 'D', 'Tarde', 'Cursando', 2015),
(69, 1, 'D', 'Tarde', 'Finalizado', 2013),
(69, 2, 'D', 'Tarde', 'Finalizado', 2014),
(69, 3, 'D', 'Tarde', 'Cursando', 2015),
(70, 1, 'D', 'Tarde', 'Finalizado', 2013),
(70, 2, 'D', 'Tarde', 'Finalizado', 2014),
(70, 3, 'D', 'Tarde', 'Cursando', 2015),
(71, 1, 'A', 'Mañana', 'Finalizado', 2014),
(71, 2, 'A', 'Mañana', 'Cursando', 2015),
(72, 1, 'A', 'Mañana', 'Finalizado', 2014),
(72, 2, 'A', 'Mañana', 'Cursando', 2015),
(73, 1, 'A', 'Mañana', 'Pendiente', 2014),
(73, 2, 'A', 'Mañana', 'Cursando', 2015),
(74, 1, 'A', 'Mañana', 'Finalizado', 2014),
(74, 2, 'A', 'Mañana', 'Cursando', 2015),
(75, 1, 'B', 'Mañana', 'Finalizado', 2014),
(75, 2, 'B', 'Mañana', 'Cursando', 2015),
(76, 1, 'B', 'Mañana', 'Finalizado', 2014),
(76, 2, 'B', 'Mañana', 'Cursando', 2015),
(77, 1, 'B', 'Mañana', 'Finalizado', 2014),
(77, 2, 'B', 'Mañana', 'Cursando', 2015),
(78, 1, 'B', 'Mañana', 'Finalizado', 2014),
(78, 2, 'B', 'Mañana', 'Cursando', 2015),
(79, 1, 'C', 'Tarde', 'Finalizado', 2014),
(79, 2, 'C', 'Tarde', 'Cursando', 2015),
(80, 1, 'C', 'Tarde', 'Finalizado', 2014),
(80, 2, 'C', 'Tarde', 'Cursando', 2015),
(81, 1, 'C', 'Tarde', 'Finalizado', 2014),
(81, 2, 'C', 'Tarde', 'Cursando', 2015),
(82, 1, 'D', 'Tarde', 'Finalizado', 2014),
(82, 2, 'D', 'Tarde', 'Cursando', 2015),
(83, 1, 'D', 'Tarde', 'Finalizado', 2014),
(83, 2, 'D', 'Tarde', 'Cursando', 2015),
(84, 1, 'D', 'Tarde', 'Finalizado', 2014),
(84, 2, 'D', 'Tarde', 'Cursando', 2015),
(85, 1, 'A', 'Mañana', 'Cursando', 2015),
(86, 1, 'A', 'Mañana', 'Cursando', 2015),
(87, 1, 'A', 'Mañana', 'Cursando', 2015),
(88, 1, 'A', 'Mañana', 'Cursando', 2015),
(89, 1, 'B', 'Mañana', 'Cursando', 2015),
(90, 1, 'B', 'Mañana', 'Cursando', 2015),
(91, 1, 'B', 'Mañana', 'Cursando', 2015),
(92, 1, 'B', 'Mañana', 'Cursando', 2015),
(93, 1, 'C', 'Tarde', 'Cursando', 2015),
(94, 1, 'C', 'Tarde', 'Cursando', 2015),
(95, 1, 'C', 'Tarde', 'Cursando', 2015),
(96, 1, 'C', 'Tarde', 'Cursando', 2015),
(97, 1, 'D', 'Tarde', 'Cursando', 2015),
(98, 1, 'D', 'Tarde', 'Cursando', 2015),
(99, 1, 'D', 'Tarde', 'Cursando', 2015),
(100, 1, 'D', 'Tarde', 'Cursando', 2015);

--
-- Triggers `Cursando`
--
DROP TRIGGER IF EXISTS `cantidad_alumnos1`;
DELIMITER //
CREATE TRIGGER `cantidad_alumnos1` AFTER INSERT ON `Cursando`
 FOR EACH ROW BEGIN
	UPDATE Curso SET Curso.Cantidad = Curso.Cantidad + 1 WHERE Curso.Grado = NEW.Grado and Curso.Seccion = NEW.Seccion and Curso.Turno = NEW.Turno;
END
//
DELIMITER ;
DROP TRIGGER IF EXISTS `cantidad_alumnos2`;
DELIMITER //
CREATE TRIGGER `cantidad_alumnos2` AFTER DELETE ON `Cursando`
 FOR EACH ROW BEGIN
	UPDATE Curso SET Curso.Cantidad = Curso.Cantidad - 1 WHERE Curso.Grado = OLD.Grado and Curso.Seccion = OLD.Seccion and Curso.Turno = OLD.Turno;
END
//
DELIMITER ;

-- --------------------------------------------------------

--
-- Table structure for table `Curso`
--

CREATE TABLE IF NOT EXISTS `Curso` (
  `Grado` int(11) NOT NULL,
  `Seccion` varchar(11) NOT NULL,
  `Turno` varchar(11) NOT NULL,
  `Cantidad` int(11) NOT NULL,
  PRIMARY KEY (`Grado`,`Seccion`,`Turno`)
) ENGINE=InnoDB DEFAULT CHARSET=latin1;

--
-- Dumping data for table `Curso`
--

INSERT INTO `Curso` (`Grado`, `Seccion`, `Turno`, `Cantidad`) VALUES
(1, 'A', 'mañana', 31),
(1, 'B', 'mañana', 24),
(1, 'B', 'tarde', 7),
(1, 'C', 'tarde', 19),
(1, 'D', 'tarde', 19),
(2, 'A', 'mañana', 24),
(2, 'B', 'mañana', 24),
(2, 'C', 'tarde', 18),
(2, 'D', 'tarde', 18),
(3, 'A', 'mañana', 20),
(3, 'B', 'mañana', 20),
(3, 'C', 'tarde', 15),
(3, 'D', 'tarde', 15),
(4, 'A', 'mañana', 15),
(4, 'B', 'mañana', 16),
(4, 'C', 'tarde', 11),
(4, 'D', 'tarde', 12),
(5, 'A', 'mañana', 11),
(5, 'B', 'mañana', 11),
(5, 'C', 'tarde', 8),
(5, 'D', 'tarde', 9),
(6, 'A', 'mañana', 12),
(6, 'B', 'mañana', 3),
(6, 'B', 'tarde', 5),
(6, 'C', 'tarde', 1),
(6, 'D', 'tarde', 4);

-- --------------------------------------------------------

--
-- Table structure for table `Documentos`
--

CREATE TABLE IF NOT EXISTS `Documentos` (
  `ID_Alumno` int(11) NOT NULL,
  `Nro_Archivo` int(11) NOT NULL,
  `Ubicacion` varchar(100) NOT NULL,
  PRIMARY KEY (`Nro_Archivo`)
) ENGINE=InnoDB DEFAULT CHARSET=latin1;

--
-- Dumping data for table `Documentos`
--

INSERT INTO `Documentos` (`ID_Alumno`, `Nro_Archivo`, `Ubicacion`) VALUES
(1, 100, 'C:/Users/Egresados/Documents/0100.doc'),
(2, 101, 'Sección 4 Armario Azul'),
(5, 102, 'C:/Users/Egresados/Documents/0102.doc'),
(6, 103, 'C:/Users/Egresados/Documents/0103.doc'),
(7, 104, 'Sección 4 Armario Marrón'),
(8, 105, 'C:/Users/Egresados/Documents/0105.doc'),
(10, 106, 'C:/Users/Egresados/Documents/0106.doc'),
(11, 107, 'C:/Users/Egresados/Documents/0107.doc'),
(12, 108, 'Sección 1 Armario Verde'),
(13, 109, 'C:/Users/Egresados/Documents/0109.doc'),
(14, 110, 'C:/Users/Egresados/Documents/0110.doc');

-- --------------------------------------------------------

--
-- Table structure for table `Empleado`
--

CREATE TABLE IF NOT EXISTS `Empleado` (
  `ID_Empleado` int(11) NOT NULL,
  `Nombre` char(50) NOT NULL,
  `Apellido` char(50) NOT NULL,
  `Saldo` int(11) NOT NULL,
  PRIMARY KEY (`ID_Empleado`)
) ENGINE=InnoDB DEFAULT CHARSET=latin1;

--
-- Dumping data for table `Empleado`
--

INSERT INTO `Empleado` (`ID_Empleado`, `Nombre`, `Apellido`, `Saldo`) VALUES
(1, 'edgardo', 'Ruiz', 99100),
(2, 'edith', 'Ramírez', 104928),
(3, 'edmundo', 'Flores', 102105),
(4, 'eduardo', 'Acosta', 103472),
(5, 'efrain', 'Benítez', 103882),
(6, 'efren', 'Medina', 109883),
(7, 'elena', 'Suárez', 112434),
(8, 'eleonor', 'Herrera', 108716),
(9, 'elias', 'Aguirre', 114659),
(10, 'abel', 'Pereyra', -506);

-- --------------------------------------------------------

--
-- Table structure for table `Grupo_Familiar`
--

CREATE TABLE IF NOT EXISTS `Grupo_Familiar` (
  `ID_Alumno` int(11) NOT NULL,
  `ID_Tutor` int(11) NOT NULL,
  `Nro_GrupoFamiliar` int(11) NOT NULL,
  PRIMARY KEY (`ID_Alumno`,`ID_Tutor`),
  KEY `ID_Tutor` (`ID_Tutor`)
) ENGINE=InnoDB DEFAULT CHARSET=latin1;

--
-- Dumping data for table `Grupo_Familiar`
--

INSERT INTO `Grupo_Familiar` (`ID_Alumno`, `ID_Tutor`, `Nro_GrupoFamiliar`) VALUES
(1, 1, 1),
(2, 1, 1),
(3, 2, 1),
(4, 3, 2),
(5, 3, 2),
(6, 4, 2),
(7, 5, 3),
(8, 5, 3),
(9, 6, 4),
(10, 7, 5),
(11, 8, 6),
(12, 8, 6),
(13, 9, 7),
(14, 9, 7),
(15, 10, 7),
(16, 11, 8),
(16, 12, 8),
(17, 13, 9),
(17, 14, 9),
(18, 15, 10),
(18, 16, 10),
(19, 17, 11),
(20, 17, 11),
(21, 17, 11),
(22, 18, 12),
(23, 18, 12),
(24, 18, 12),
(25, 19, 13),
(26, 20, 14),
(27, 20, 14),
(28, 21, 15),
(29, 22, 15),
(30, 22, 16),
(31, 22, 16),
(32, 23, 17),
(33, 23, 17),
(34, 24, 18),
(35, 25, 19),
(36, 26, 20),
(37, 26, 20),
(38, 27, 21),
(39, 27, 21),
(40, 28, 22),
(41, 29, 23),
(42, 30, 24),
(43, 31, 25),
(44, 32, 26),
(45, 33, 27),
(46, 34, 28),
(47, 35, 29),
(48, 36, 30),
(49, 37, 31),
(50, 38, 32),
(51, 39, 33),
(51, 40, 33),
(52, 41, 34),
(52, 42, 34),
(53, 43, 35),
(53, 44, 35),
(54, 45, 36),
(54, 46, 36),
(55, 47, 37),
(55, 48, 37),
(56, 49, 38),
(57, 49, 38),
(58, 50, 39),
(59, 50, 39),
(60, 51, 40),
(61, 51, 40),
(62, 52, 41),
(63, 53, 42),
(64, 54, 43),
(65, 55, 44),
(66, 56, 45),
(67, 57, 46),
(68, 58, 47),
(69, 59, 48),
(70, 60, 49),
(71, 61, 50),
(72, 62, 51),
(73, 63, 52),
(74, 64, 53),
(75, 65, 54),
(76, 66, 55),
(76, 67, 55),
(77, 68, 56),
(77, 69, 56),
(78, 70, 57),
(78, 71, 57),
(79, 72, 58),
(79, 73, 58),
(80, 74, 59),
(80, 75, 59),
(81, 76, 60),
(82, 76, 60),
(83, 76, 60),
(84, 77, 61),
(85, 77, 61),
(86, 78, 62),
(87, 79, 63),
(88, 80, 64),
(89, 81, 65),
(90, 81, 65),
(91, 81, 65),
(92, 81, 65),
(93, 82, 66),
(94, 82, 66),
(95, 82, 66),
(96, 83, 67),
(97, 84, 68),
(98, 85, 69),
(99, 85, 69),
(100, 85, 69);

-- --------------------------------------------------------

--
-- Table structure for table `Movimientos`
--

CREATE TABLE IF NOT EXISTS `Movimientos` (
  `ID_Empleado` int(11) NOT NULL,
  `ID_Movimiento` int(8) NOT NULL,
  `Monto` int(8) NOT NULL,
  `Fecha` date NOT NULL,
  `Descripcion` text,
  PRIMARY KEY (`ID_Movimiento`)
) ENGINE=InnoDB DEFAULT CHARSET=latin1;

--
-- Dumping data for table `Movimientos`
--

INSERT INTO `Movimientos` (`ID_Empleado`, `ID_Movimiento`, `Monto`, `Fecha`, `Descripcion`) VALUES
(1, 1, -1507, '2008-10-14', 'Compra Ventana'),
(2, 2, -2723, '2013-09-18', 'Compra Materiales De construccion'),
(2, 3, -595, '2009-04-14', 'Compra Materiales de Cocina'),
(2, 4, -2303, '2008-09-12', 'Compra 1 Maquina de Dios'),
(1, 5, -1231, '2009-06-24', 'Compra Insumos para el aula'),
(3, 6, -2743, '2010-10-19', 'Compra Materiales de Cocina'),
(3, 7, 2398, '2015-01-20', 'beca gobierno'),
(1, 8, -2888, '2011-08-02', 'Compra Materiales de Cocina'),
(2, 9, -1370, '2013-01-28', 'Compra Insumos para el aula'),
(3, 10, -1683, '2012-10-08', 'Arreglo de aulas'),
(1, 11, -3806, '2009-02-12', 'Compra Materiales De construccion'),
(2, 12, 3524, '2011-11-17', 'beca gobierno'),
(2, 13, -3477, '2015-06-05', 'Compra Insumos para el aula'),
(3, 14, -4446, '2009-01-19', 'Arreglo de aulas'),
(4, 15, -3300, '2009-09-18', 'Compra Materiales De construccion'),
(5, 16, -2662, '2014-06-17', 'Compra criollos para los profes'),
(5, 17, -2909, '2014-02-06', 'Compra Insumos para el aula'),
(5, 18, 3429, '2012-08-05', 'beca gobierno'),
(4, 19, -1069, '2008-09-26', 'Compra Materiales De construccion'),
(4, 20, -2665, '2014-08-16', 'Compra Insumos para el aula'),
(3, 21, -1618, '2010-02-11', 'Compra criollos para los profes'),
(6, 22, -3593, '2013-07-21', 'Compra Insumos para el aula'),
(7, 23, 2571, '2015-01-06', 'beca gobierno'),
(8, 24, -3787, '2015-07-26', 'Compra Insumos para el aula'),
(8, 25, -593, '2011-11-14', 'Compra de 1 maquina del tiempo'),
(7, 26, -3103, '2012-12-28', 'Compra Insumos para el aula'),
(8, 27, 1568, '2013-11-03', 'beca gobierno'),
(2, 28, -4378, '2014-05-20', 'Compra de 1 maquina del tiempo'),
(3, 29, -1676, '2010-02-03', 'Compra Insumos para el aula'),
(3, 30, 2128, '2009-05-17', 'beca gobierno'),
(2, 31, -4205, '2009-09-17', 'Compra Materiales De construccion'),
(1, 32, -4286, '2013-05-27', 'Compra de 1 maquina del tiempo'),
(1, 33, -4313, '2014-11-06', 'Compra Insumos para el aula'),
(2, 34, -4207, '2008-11-09', 'Compra de 1 maquina del tiempo'),
(3, 35, -3596, '2014-07-11', 'Compra de 1 maquina del tiempo'),
(4, 36, -858, '2009-11-17', 'Compra Insumos para el aula'),
(5, 37, -1002, '2013-01-24', 'Compra de 1 maquina del tiempo'),
(1, 38, 1938, '2014-10-11', 'beca gobierno'),
(3, 39, -2175, '2013-12-04', 'Compra de 1 maquina del tiempo'),
(5, 40, -565, '2010-10-04', 'Compra Insumos para el aula'),
(6, 41, -3801, '2014-02-02', 'Compra de 1 maquina del tiempo'),
(8, 42, -809, '2010-09-11', 'Compra Insumos para el aula'),
(8, 43, -4142, '2010-06-22', 'Compra de 1 maquina del tiempo'),
(7, 44, -1781, '2012-02-09', 'Compra Materiales De construccion'),
(9, 45, 2306, '2014-05-09', 'beca gobierno'),
(4, 46, -2056, '2012-11-22', 'Compra Insumos para el aula'),
(5, 47, -1841, '2008-10-02', 'Compra de 1 maquina del tiempo'),
(9, 48, -2534, '2011-05-31', 'Compra Insumos para el aula'),
(9, 49, -2646, '2015-06-01', 'Compra Materiales De construccion'),
(10, 50, 1714, '2012-03-28', 'beca gobierno'),
(1, 51, 1000, '2015-10-17', 'compra de insumos para construccion'),
(10, 52, 100, '2015-10-17', 'cobro de cuota'),
(1, 53, 50, '2015-10-17', 'Tornillos para mesas'),
(1, 54, 50, '2015-10-17', 'cobro de cuota');

--
-- Triggers `Movimientos`
--
DROP TRIGGER IF EXISTS `saldo_trigger2`;
DELIMITER //
CREATE TRIGGER `saldo_trigger2` AFTER INSERT ON `Movimientos`
 FOR EACH ROW BEGIN
	UPDATE Empleado SET Empleado.Saldo = Empleado.Saldo + NEW.Monto WHERE Empleado.ID_Empleado =NEW.ID_Empleado; 
END
//
DELIMITER ;

-- --------------------------------------------------------

--
-- Table structure for table `Oficios`
--

CREATE TABLE IF NOT EXISTS `Oficios` (
  `ID_Oficio` int(8) NOT NULL,
  `Nombre` varchar(20) NOT NULL,
  `Solicitudes` int(10) NOT NULL,
  PRIMARY KEY (`ID_Oficio`)
) ENGINE=InnoDB DEFAULT CHARSET=latin1;

--
-- Dumping data for table `Oficios`
--

INSERT INTO `Oficios` (`ID_Oficio`, `Nombre`, `Solicitudes`) VALUES
(1, 'Decano', 11),
(2, 'Decorador', 24),
(3, 'Defensor', 10),
(4, 'Delegado', 15),
(5, 'Delineante', 13),
(6, 'Demógrafo', 22),
(7, 'Dentista', 12),
(8, 'Dermatólogo', 6),
(9, 'Dibujante', 4),
(10, 'Directivo', 9),
(11, 'Director', 2),
(12, 'Dirigente', 8),
(13, 'Doctor', 22),
(14, 'Documentalista', 5),
(15, 'Técnico', 18),
(16, 'Telefonista', 12),
(17, 'Teólogo', 22),
(18, 'Terapeuta', 3),
(19, 'Abogada', 27),
(20, 'Académica', 19),
(21, 'Adjunta', 16),
(22, 'Administradora', 24),
(23, 'Administrativa', 9),
(24, 'Agrónoma', 3),
(25, 'Bibliotecario', 25),
(26, 'Biofísico', 10),
(27, 'Biógrafo', 17),
(28, 'Biólogo', 17),
(29, 'Bioquímico', 27),
(30, 'Cancerólogo', 15),
(31, 'Cardiólogo', 18),
(32, 'Cartógrafo', 7),
(33, 'Castrador', 8),
(34, 'Catedrático', 27),
(35, 'Cirujano', 22),
(36, 'Citólogo', 21),
(37, 'Climatólogo', 18),
(38, 'Codirector', 4),
(39, 'Comadrón', 27),
(40, 'Consejero', 22),
(41, 'Conserje', 12),
(42, 'Conservador', 28),
(43, 'Plomero', 29),
(44, 'Cardióloga', 4),
(45, 'Cartógrafa', 2),
(46, 'Electricista', 17),
(47, 'Traductora', 15),
(48, 'Transcriptora', 24),
(49, 'Traumatóloga', 19),
(50, 'Radiotelefonista', 12);

-- --------------------------------------------------------

--
-- Table structure for table `Oficios_Tutores`
--

CREATE TABLE IF NOT EXISTS `Oficios_Tutores` (
  `ID_Tutor` int(11) NOT NULL,
  `ID_Oficio` int(11) NOT NULL,
  PRIMARY KEY (`ID_Tutor`,`ID_Oficio`),
  KEY `ID_Oficio` (`ID_Oficio`)
) ENGINE=InnoDB DEFAULT CHARSET=latin1;

--
-- Dumping data for table `Oficios_Tutores`
--

INSERT INTO `Oficios_Tutores` (`ID_Tutor`, `ID_Oficio`) VALUES
(25, 1),
(69, 1),
(99, 1),
(15, 2),
(8, 3),
(82, 3),
(11, 4),
(27, 4),
(45, 5),
(14, 6),
(29, 7),
(5, 9),
(35, 9),
(30, 10),
(10, 11),
(63, 12),
(91, 12),
(86, 13),
(16, 14),
(51, 14),
(3, 15),
(17, 15),
(18, 15),
(22, 15),
(26, 15),
(28, 15),
(31, 15),
(38, 15),
(39, 15),
(40, 15),
(46, 15),
(49, 15),
(54, 15),
(55, 15),
(57, 15),
(58, 15),
(61, 15),
(71, 15),
(72, 15),
(76, 15),
(77, 15),
(81, 15),
(83, 15),
(84, 15),
(60, 16),
(52, 17),
(62, 17),
(7, 18),
(48, 18),
(73, 18),
(21, 19),
(4, 20),
(23, 20),
(66, 20),
(42, 21),
(68, 22),
(6, 23),
(12, 23),
(78, 23),
(90, 23),
(94, 23),
(33, 24),
(34, 24),
(75, 24),
(89, 24),
(41, 26),
(98, 27),
(50, 29),
(96, 29),
(19, 30),
(87, 31),
(37, 33),
(13, 34),
(67, 37),
(80, 37),
(85, 37),
(1, 39),
(43, 39),
(79, 39),
(93, 39),
(53, 40),
(56, 40),
(65, 40),
(95, 40),
(24, 42),
(59, 42),
(36, 43),
(97, 43),
(100, 43),
(9, 45),
(64, 45),
(32, 46),
(74, 46),
(88, 46),
(92, 46),
(20, 47),
(70, 47),
(44, 48),
(2, 50),
(47, 50);

-- --------------------------------------------------------

--
-- Table structure for table `Pagos`
--

CREATE TABLE IF NOT EXISTS `Pagos` (
  `ID_Alumno` int(11) NOT NULL,
  `ID_Empleado` int(11) NOT NULL,
  `Mes` varchar(10) NOT NULL,
  `Año` int(11) NOT NULL,
  `Importe` int(11) NOT NULL,
  `Fecha_Pago` varchar(10) NOT NULL,
  PRIMARY KEY (`ID_Alumno`,`Mes`,`Año`),
  KEY `Mes` (`Mes`)
) ENGINE=InnoDB DEFAULT CHARSET=latin1;

--
-- Dumping data for table `Pagos`
--

INSERT INTO `Pagos` (`ID_Alumno`, `ID_Empleado`, `Mes`, `Año`, `Importe`, `Fecha_Pago`) VALUES
(1, 9, 'Abril', 2009, 343, '2015-04-19'),
(1, 3, 'Abril', 2010, 205, '2014-10-22'),
(1, 9, 'Abril', 2011, 196, '2014-11-04'),
(1, 4, 'Abril', 2012, 266, '2015-05-17'),
(1, 9, 'Abril', 2013, 344, '2015-05-22'),
(1, 6, 'Abril', 2014, 217, '2015-03-25'),
(1, 5, 'Agosto', 2009, 235, '2013-09-29'),
(1, 1, 'Agosto', 2010, 303, '2014-08-23'),
(1, 6, 'Agosto', 2011, 110, '2014-12-04'),
(1, 6, 'Agosto', 2012, 144, '2015-06-15'),
(1, 4, 'Agosto', 2013, 288, '2015-03-17'),
(1, 5, 'Agosto', 2014, 306, '2013-11-16'),
(1, 1, 'Julio', 2009, 321, '2014-05-19'),
(1, 3, 'Julio', 2010, 399, '2014-04-18'),
(1, 5, 'Julio', 2011, 333, '2013-12-13'),
(1, 8, 'Julio', 2012, 368, '2014-10-31'),
(1, 8, 'Julio', 2013, 140, '2013-07-21'),
(1, 7, 'Julio', 2014, 399, '2014-07-09'),
(1, 1, 'Junio', 2009, 357, '2013-11-23'),
(1, 9, 'Junio', 2010, 270, '2013-10-14'),
(1, 5, 'Junio', 2011, 183, '2014-09-12'),
(1, 4, 'Junio', 2012, 305, '2013-12-03'),
(1, 10, 'Junio', 2013, 273, '2014-12-14'),
(1, 4, 'Junio', 2014, 351, '2015-02-17'),
(1, 1, 'Mayo', 2009, 327, '2014-03-29'),
(1, 5, 'Mayo', 2010, 226, '2014-08-08'),
(1, 1, 'Mayo', 2011, 351, '2013-08-08'),
(1, 4, 'Mayo', 2012, 375, '2013-10-14'),
(1, 2, 'Mayo', 2013, 119, '2013-09-27'),
(1, 1, 'Mayo', 2014, 276, '2014-01-10'),
(1, 6, 'Noviembre', 2009, 367, '2013-12-10'),
(1, 9, 'Noviembre', 2010, 175, '2014-07-26'),
(1, 9, 'Noviembre', 2011, 279, '2014-06-19'),
(1, 4, 'Noviembre', 2012, 170, '2013-09-25'),
(1, 6, 'Noviembre', 2013, 211, '2014-11-02'),
(1, 4, 'Noviembre', 2014, 147, '2015-06-29'),
(1, 5, 'Octubre', 2009, 374, '2013-10-13'),
(1, 3, 'Octubre', 2010, 259, '2014-05-29'),
(1, 10, 'Octubre', 2011, 373, '2014-10-13'),
(1, 10, 'Octubre', 2012, 386, '2014-11-05'),
(1, 7, 'Octubre', 2013, 109, '2014-02-01'),
(1, 3, 'Octubre', 2014, 191, '2015-04-27'),
(1, 10, 'Septiembre', 2009, 171, '2015-02-06'),
(1, 4, 'Septiembre', 2010, 370, '2014-12-21'),
(1, 8, 'Septiembre', 2011, 334, '2015-09-09'),
(1, 5, 'Septiembre', 2012, 161, '2015-03-10'),
(1, 3, 'Septiembre', 2013, 305, '2014-11-24'),
(1, 7, 'Septiembre', 2014, 341, '2013-11-27'),
(2, 9, 'Abril', 2009, 222, '2015-02-16'),
(2, 6, 'Abril', 2010, 143, '2015-07-15'),
(2, 3, 'Abril', 2011, 251, '2013-12-26'),
(2, 7, 'Abril', 2012, 126, '2014-11-28'),
(2, 10, 'Abril', 2013, 379, '2014-06-17'),
(2, 9, 'Abril', 2014, 215, '2014-12-17'),
(2, 1, 'Agosto', 2009, 249, '2014-03-15'),
(2, 1, 'Agosto', 2010, 129, '2014-01-08'),
(2, 4, 'Agosto', 2011, 100, '2014-05-08'),
(2, 2, 'Agosto', 2012, 313, '2014-10-14'),
(2, 2, 'Agosto', 2013, 263, '2014-06-19'),
(2, 1, 'Agosto', 2014, 276, '2014-03-23'),
(2, 6, 'Julio', 2009, 326, '2013-09-06'),
(2, 7, 'Julio', 2010, 356, '2014-06-11'),
(2, 4, 'Julio', 2011, 102, '2013-10-15'),
(2, 8, 'Julio', 2012, 243, '2015-06-16'),
(2, 8, 'Julio', 2013, 209, '2015-05-26'),
(2, 10, 'Julio', 2014, 216, '2013-10-31'),
(2, 8, 'Junio', 2009, 123, '2013-09-06'),
(2, 8, 'Junio', 2010, 352, '2014-07-15'),
(2, 2, 'Junio', 2011, 392, '2014-10-17'),
(2, 6, 'Junio', 2012, 200, '2014-06-16'),
(2, 9, 'Junio', 2013, 327, '2015-08-14'),
(2, 1, 'Junio', 2014, 333, '2014-07-29'),
(2, 8, 'Mayo', 2009, 330, '2014-05-20'),
(2, 6, 'Mayo', 2010, 390, '2014-01-21'),
(2, 2, 'Mayo', 2011, 260, '2014-05-08'),
(2, 3, 'Mayo', 2012, 332, '2013-11-07'),
(2, 4, 'Mayo', 2013, 176, '2014-03-22'),
(2, 1, 'Mayo', 2014, 388, '2015-07-14'),
(2, 8, 'Noviembre', 2009, 184, '2013-10-30'),
(2, 10, 'Noviembre', 2010, 193, '2013-09-02'),
(2, 6, 'Noviembre', 2011, 314, '2013-11-17'),
(2, 6, 'Noviembre', 2012, 288, '2014-11-30'),
(2, 3, 'Noviembre', 2013, 399, '2015-07-19'),
(2, 10, 'Noviembre', 2014, 130, '2014-03-07'),
(2, 3, 'Octubre', 2009, 188, '2014-08-14'),
(2, 8, 'Octubre', 2010, 372, '2013-12-01'),
(2, 2, 'Octubre', 2011, 297, '2014-07-02'),
(2, 6, 'Octubre', 2012, 266, '2014-04-24'),
(2, 1, 'Octubre', 2013, 340, '2014-01-05'),
(2, 8, 'Octubre', 2014, 202, '2015-01-28'),
(2, 8, 'Septiembre', 2009, 252, '2015-02-09'),
(2, 2, 'Septiembre', 2010, 285, '2015-08-22'),
(2, 6, 'Septiembre', 2011, 268, '2014-01-05'),
(2, 6, 'Septiembre', 2012, 386, '2014-04-26'),
(2, 6, 'Septiembre', 2013, 124, '2014-08-22'),
(2, 7, 'Septiembre', 2014, 263, '2014-08-13'),
(3, 6, 'Abril', 2009, 325, '2015-01-27'),
(3, 5, 'Abril', 2010, 194, '2015-07-29'),
(3, 9, 'Abril', 2011, 198, '2014-04-08'),
(3, 5, 'Agosto', 2009, 307, '2013-11-29'),
(3, 5, 'Agosto', 2010, 242, '2014-11-07'),
(3, 1, 'Agosto', 2011, 189, '2013-12-07'),
(3, 2, 'Julio', 2009, 117, '2015-07-06'),
(3, 10, 'Julio', 2010, 222, '2015-09-12'),
(3, 4, 'Julio', 2011, 359, '2014-06-15'),
(3, 7, 'Junio', 2009, 125, '2014-02-11'),
(3, 2, 'Junio', 2010, 351, '2013-07-23'),
(3, 6, 'Junio', 2011, 379, '2014-09-25'),
(3, 10, 'Mayo', 2009, 141, '2013-12-07'),
(3, 7, 'Mayo', 2010, 369, '2014-07-11'),
(3, 7, 'Mayo', 2011, 118, '2013-09-03'),
(3, 3, 'Noviembre', 2009, 289, '2014-10-19'),
(3, 10, 'Noviembre', 2010, 388, '2014-10-18'),
(3, 5, 'Noviembre', 2011, 374, '2014-01-20'),
(3, 5, 'Octubre', 2009, 304, '2014-01-25'),
(3, 4, 'Octubre', 2010, 297, '2014-10-22'),
(3, 7, 'Octubre', 2011, 174, '2015-01-22'),
(3, 7, 'Septiembre', 2009, 181, '2015-05-21'),
(3, 4, 'Septiembre', 2010, 284, '2014-08-23'),
(3, 6, 'Septiembre', 2011, 174, '2014-06-24'),
(4, 7, 'Abril', 2009, 222, '2013-10-31'),
(4, 7, 'Abril', 2010, 184, '2015-06-05'),
(4, 9, 'Abril', 2011, 157, '2013-11-27'),
(4, 6, 'Abril', 2012, 132, '2013-10-01'),
(4, 3, 'Abril', 2013, 391, '2013-09-10'),
(4, 1, 'Abril', 2014, 253, '2015-07-12'),
(4, 2, 'Abril', 2015, 297, '2014-11-20'),
(4, 3, 'Agosto', 2009, 326, '2015-03-08'),
(4, 7, 'Agosto', 2010, 338, '2014-02-20'),
(4, 7, 'Agosto', 2011, 309, '2014-09-21'),
(4, 4, 'Agosto', 2012, 132, '2015-01-15'),
(4, 2, 'Agosto', 2013, 235, '2013-10-11'),
(4, 6, 'Agosto', 2014, 377, '2013-11-06'),
(4, 7, 'Agosto', 2015, 179, '2014-01-20'),
(4, 4, 'Julio', 2009, 267, '2014-08-03'),
(4, 10, 'Julio', 2010, 398, '2015-06-01'),
(4, 9, 'Julio', 2011, 186, '2014-07-30'),
(4, 9, 'Julio', 2012, 238, '2015-01-18'),
(4, 3, 'Julio', 2013, 233, '2013-12-20'),
(4, 8, 'Julio', 2014, 351, '2015-08-28'),
(4, 8, 'Julio', 2015, 356, '2015-08-14'),
(4, 8, 'Junio', 2009, 324, '2014-11-11'),
(4, 6, 'Junio', 2010, 153, '2013-08-20'),
(4, 6, 'Junio', 2011, 293, '2013-09-29'),
(4, 8, 'Junio', 2012, 307, '2014-02-13'),
(4, 1, 'Junio', 2013, 256, '2014-10-25'),
(4, 5, 'Junio', 2014, 257, '2014-04-21'),
(4, 10, 'Junio', 2015, 120, '2013-09-24'),
(4, 9, 'Mayo', 2009, 328, '2014-10-25'),
(4, 5, 'Mayo', 2010, 279, '2015-07-25'),
(4, 1, 'Mayo', 2011, 311, '2013-09-14'),
(4, 10, 'Mayo', 2012, 316, '2015-09-16'),
(4, 9, 'Mayo', 2013, 247, '2013-09-01'),
(4, 5, 'Mayo', 2014, 186, '2015-07-14'),
(4, 10, 'Mayo', 2015, 392, '2013-10-17'),
(4, 6, 'Noviembre', 2009, 398, '2013-12-06'),
(4, 10, 'Noviembre', 2010, 114, '2013-10-25'),
(4, 4, 'Noviembre', 2011, 178, '2013-12-13'),
(4, 3, 'Noviembre', 2012, 147, '2014-09-04'),
(4, 6, 'Noviembre', 2013, 102, '2014-04-12'),
(4, 6, 'Noviembre', 2014, 269, '2015-07-01'),
(4, 2, 'Octubre', 2009, 192, '2014-10-07'),
(4, 2, 'Octubre', 2010, 139, '2014-08-22'),
(4, 4, 'Octubre', 2011, 320, '2013-07-19'),
(4, 4, 'Octubre', 2012, 182, '2014-11-22'),
(4, 3, 'Octubre', 2013, 151, '2013-12-31'),
(4, 4, 'Octubre', 2014, 109, '2013-08-12'),
(4, 3, 'Octubre', 2015, 293, '2015-07-28'),
(4, 6, 'Septiembre', 2009, 135, '2015-06-08'),
(4, 10, 'Septiembre', 2010, 301, '2015-04-13'),
(4, 8, 'Septiembre', 2011, 398, '2013-11-01'),
(4, 7, 'Septiembre', 2012, 385, '2014-01-08'),
(4, 4, 'Septiembre', 2013, 331, '2015-06-04'),
(4, 1, 'Septiembre', 2014, 400, '2015-03-24'),
(4, 6, 'Septiembre', 2015, 305, '2014-02-15'),
(5, 1, 'Abril', 2009, 227, '2013-08-09'),
(5, 4, 'Abril', 2010, 118, '2015-04-03'),
(5, 6, 'Abril', 2011, 110, '2014-12-29'),
(5, 8, 'Abril', 2012, 400, '2015-07-20'),
(5, 5, 'Abril', 2013, 366, '2014-05-03'),
(5, 2, 'Abril', 2014, 229, '2014-01-11'),
(5, 8, 'Agosto', 2009, 153, '2014-02-27'),
(5, 1, 'Agosto', 2010, 221, '2015-01-31'),
(5, 3, 'Agosto', 2011, 248, '2014-12-18'),
(5, 2, 'Agosto', 2012, 175, '2015-06-27'),
(5, 5, 'Agosto', 2013, 332, '2014-06-14'),
(5, 7, 'Agosto', 2014, 131, '2013-12-11'),
(5, 9, 'Julio', 2009, 327, '2015-03-30'),
(5, 5, 'Julio', 2010, 140, '2014-07-09'),
(5, 8, 'Julio', 2011, 220, '2015-03-15'),
(5, 6, 'Julio', 2012, 283, '2014-07-27'),
(5, 9, 'Julio', 2013, 352, '2013-07-31'),
(5, 8, 'Julio', 2014, 211, '2015-03-19'),
(5, 9, 'Junio', 2009, 267, '2013-12-28'),
(5, 2, 'Junio', 2010, 334, '2015-06-04'),
(5, 1, 'Junio', 2011, 168, '2013-10-02'),
(5, 5, 'Junio', 2012, 339, '2014-08-01'),
(5, 6, 'Junio', 2013, 190, '2014-04-13'),
(5, 5, 'Junio', 2014, 135, '2013-11-29'),
(5, 1, 'Mayo', 2009, 116, '2014-12-28'),
(5, 8, 'Mayo', 2010, 169, '2014-03-29'),
(5, 1, 'Mayo', 2011, 397, '2014-10-18'),
(5, 9, 'Mayo', 2012, 176, '2014-01-05'),
(5, 4, 'Mayo', 2013, 193, '2015-03-04'),
(5, 9, 'Mayo', 2014, 334, '2015-01-03'),
(5, 4, 'Noviembre', 2009, 256, '2015-01-18'),
(5, 8, 'Noviembre', 2010, 307, '2015-01-12'),
(5, 5, 'Noviembre', 2011, 365, '2015-04-30'),
(5, 4, 'Noviembre', 2012, 204, '2015-05-25'),
(5, 8, 'Noviembre', 2013, 125, '2015-01-07'),
(5, 4, 'Noviembre', 2014, 216, '2013-07-18'),
(5, 10, 'Octubre', 2009, 178, '2014-12-08'),
(5, 1, 'Octubre', 2010, 174, '2013-09-14'),
(5, 10, 'Octubre', 2011, 236, '2015-01-29'),
(5, 4, 'Octubre', 2012, 260, '2013-09-11'),
(5, 7, 'Octubre', 2013, 189, '2015-01-04'),
(5, 10, 'Octubre', 2014, 366, '2015-01-31'),
(5, 9, 'Septiembre', 2009, 109, '2014-12-16'),
(5, 1, 'Septiembre', 2010, 263, '2014-02-17'),
(5, 2, 'Septiembre', 2011, 287, '2015-09-20'),
(5, 6, 'Septiembre', 2012, 247, '2014-01-02'),
(5, 3, 'Septiembre', 2013, 274, '2013-08-08'),
(5, 7, 'Septiembre', 2014, 229, '2014-08-07'),
(6, 4, 'Abril', 2009, 332, '2014-03-16'),
(6, 7, 'Abril', 2010, 289, '2014-03-14'),
(6, 2, 'Abril', 2011, 346, '2015-04-02'),
(6, 6, 'Abril', 2012, 163, '2014-03-25'),
(6, 3, 'Abril', 2013, 279, '2015-08-15'),
(6, 8, 'Abril', 2014, 207, '2014-05-31'),
(6, 1, 'Agosto', 2009, 363, '2014-07-02'),
(6, 6, 'Agosto', 2010, 222, '2015-07-01'),
(6, 8, 'Agosto', 2011, 223, '2014-09-13'),
(6, 4, 'Agosto', 2012, 350, '2014-01-04'),
(6, 9, 'Agosto', 2013, 380, '2015-04-06'),
(6, 9, 'Agosto', 2014, 147, '2013-08-21'),
(6, 5, 'Julio', 2009, 247, '2014-06-24'),
(6, 9, 'Julio', 2010, 240, '2015-09-04'),
(6, 3, 'Julio', 2011, 361, '2014-04-17'),
(6, 4, 'Julio', 2012, 385, '2013-10-11'),
(6, 5, 'Julio', 2013, 141, '2014-02-23'),
(6, 5, 'Julio', 2014, 353, '2013-12-30'),
(6, 7, 'Junio', 2009, 228, '2015-08-27'),
(6, 8, 'Junio', 2010, 331, '2015-03-06'),
(6, 9, 'Junio', 2011, 269, '2015-01-10'),
(6, 6, 'Junio', 2012, 253, '2013-08-02'),
(6, 8, 'Junio', 2013, 359, '2014-02-22'),
(6, 3, 'Junio', 2014, 334, '2014-07-08'),
(6, 4, 'Mayo', 2009, 155, '2014-02-11'),
(6, 9, 'Mayo', 2010, 101, '2014-09-09'),
(6, 7, 'Mayo', 2011, 242, '2015-04-05'),
(6, 9, 'Mayo', 2012, 205, '2014-08-11'),
(6, 1, 'Mayo', 2013, 198, '2015-05-02'),
(6, 10, 'Mayo', 2014, 279, '2013-12-30'),
(6, 5, 'Noviembre', 2009, 150, '2015-01-13'),
(6, 6, 'Noviembre', 2010, 361, '2014-01-21'),
(6, 2, 'Noviembre', 2011, 352, '2014-05-22'),
(6, 9, 'Noviembre', 2012, 278, '2014-09-29'),
(6, 1, 'Noviembre', 2013, 233, '2014-06-24'),
(6, 1, 'Noviembre', 2014, 231, '2014-03-21'),
(6, 8, 'Octubre', 2009, 389, '2013-08-20'),
(6, 9, 'Octubre', 2010, 175, '2014-05-12'),
(6, 5, 'Octubre', 2011, 210, '2015-01-27'),
(6, 9, 'Octubre', 2012, 123, '2015-05-14'),
(6, 9, 'Octubre', 2013, 188, '2015-01-12'),
(6, 10, 'Octubre', 2014, 169, '2015-07-01'),
(6, 8, 'Septiembre', 2009, 300, '2014-08-25'),
(6, 9, 'Septiembre', 2010, 257, '2015-03-15'),
(6, 7, 'Septiembre', 2011, 284, '2015-07-14'),
(6, 3, 'Septiembre', 2012, 247, '2013-12-20'),
(6, 7, 'Septiembre', 2013, 285, '2013-09-14'),
(6, 4, 'Septiembre', 2014, 285, '2014-10-29'),
(7, 7, 'Abril', 2009, 187, '2013-10-03'),
(7, 9, 'Abril', 2010, 332, '2013-12-19'),
(7, 10, 'Abril', 2011, 397, '2015-05-27'),
(7, 6, 'Abril', 2012, 290, '2014-11-05'),
(7, 5, 'Abril', 2013, 156, '2015-01-22'),
(7, 8, 'Abril', 2014, 113, '2014-02-02'),
(7, 7, 'Agosto', 2009, 144, '2013-09-15'),
(7, 3, 'Agosto', 2010, 331, '2014-08-06'),
(7, 3, 'Agosto', 2011, 222, '2014-07-23'),
(7, 8, 'Agosto', 2012, 319, '2013-10-04'),
(7, 5, 'Agosto', 2013, 228, '2014-04-06'),
(7, 6, 'Agosto', 2014, 383, '2014-10-19'),
(7, 3, 'Julio', 2009, 196, '2013-07-24'),
(7, 7, 'Julio', 2010, 194, '2014-11-15'),
(7, 2, 'Julio', 2011, 282, '2014-03-29'),
(7, 6, 'Julio', 2012, 129, '2013-09-04'),
(7, 3, 'Julio', 2013, 298, '2014-02-16'),
(7, 9, 'Julio', 2014, 103, '2015-01-18'),
(7, 7, 'Junio', 2009, 197, '2015-03-24'),
(7, 1, 'Junio', 2010, 224, '2014-07-13'),
(7, 9, 'Junio', 2011, 125, '2014-03-27'),
(7, 2, 'Junio', 2012, 157, '2013-10-13'),
(7, 5, 'Junio', 2013, 308, '2013-12-16'),
(7, 2, 'Junio', 2014, 369, '2014-01-29'),
(7, 1, 'Mayo', 2009, 188, '2014-01-27'),
(7, 3, 'Mayo', 2010, 184, '2014-03-11'),
(7, 9, 'Mayo', 2011, 256, '2013-09-16'),
(7, 7, 'Mayo', 2012, 329, '2013-10-04'),
(7, 8, 'Mayo', 2013, 177, '2015-03-20'),
(7, 9, 'Mayo', 2014, 397, '2014-05-12'),
(7, 4, 'Noviembre', 2009, 381, '2014-08-28'),
(7, 2, 'Noviembre', 2010, 137, '2014-08-26'),
(7, 10, 'Noviembre', 2011, 349, '2015-03-14'),
(7, 6, 'Noviembre', 2012, 331, '2015-04-03'),
(7, 6, 'Noviembre', 2013, 209, '2013-08-13'),
(7, 2, 'Noviembre', 2014, 252, '2014-09-19'),
(7, 7, 'Octubre', 2009, 302, '2013-08-24'),
(7, 6, 'Octubre', 2010, 117, '2014-02-25'),
(7, 10, 'Octubre', 2011, 178, '2015-09-16'),
(7, 7, 'Octubre', 2012, 138, '2014-09-16'),
(7, 5, 'Octubre', 2013, 360, '2015-05-30'),
(7, 1, 'Octubre', 2014, 383, '2015-04-06'),
(7, 7, 'Septiembre', 2009, 313, '2014-04-26'),
(7, 6, 'Septiembre', 2010, 170, '2014-10-27'),
(7, 10, 'Septiembre', 2011, 110, '2013-10-18'),
(7, 8, 'Septiembre', 2012, 241, '2014-08-24'),
(7, 1, 'Septiembre', 2013, 173, '2013-11-16'),
(7, 6, 'Septiembre', 2014, 344, '2014-09-04'),
(8, 1, 'Abril', 2009, 172, '2014-11-15'),
(8, 7, 'Abril', 2010, 157, '2015-06-24'),
(8, 6, 'Abril', 2011, 172, '2014-02-24'),
(8, 2, 'Abril', 2012, 288, '2014-04-17'),
(8, 5, 'Abril', 2013, 224, '2015-05-18'),
(8, 6, 'Abril', 2014, 155, '2015-02-07'),
(8, 3, 'Agosto', 2009, 361, '2014-09-04'),
(8, 3, 'Agosto', 2010, 187, '2015-02-07'),
(8, 4, 'Agosto', 2011, 353, '2015-09-11'),
(8, 7, 'Agosto', 2012, 203, '2014-03-09'),
(8, 5, 'Agosto', 2013, 156, '2015-08-06'),
(8, 5, 'Agosto', 2014, 373, '2013-09-08'),
(8, 3, 'Julio', 2009, 147, '2015-04-12'),
(8, 9, 'Julio', 2010, 359, '2014-06-25'),
(8, 7, 'Julio', 2011, 352, '2015-05-04'),
(8, 10, 'Julio', 2012, 284, '2013-08-27'),
(8, 7, 'Julio', 2013, 261, '2015-07-01'),
(8, 10, 'Julio', 2014, 355, '2015-09-23'),
(8, 7, 'Junio', 2009, 281, '2014-06-06'),
(8, 8, 'Junio', 2010, 136, '2014-04-13'),
(8, 7, 'Junio', 2011, 341, '2013-07-22'),
(8, 8, 'Junio', 2012, 293, '2014-05-28'),
(8, 8, 'Junio', 2013, 342, '2014-03-20'),
(8, 2, 'Junio', 2014, 132, '2015-08-29'),
(8, 4, 'Mayo', 2009, 183, '2014-09-15'),
(8, 4, 'Mayo', 2010, 107, '2013-08-04'),
(8, 4, 'Mayo', 2011, 186, '2014-08-06'),
(8, 5, 'Mayo', 2012, 210, '2015-05-05'),
(8, 1, 'Mayo', 2013, 392, '2014-12-07'),
(8, 1, 'Mayo', 2014, 327, '2014-12-22'),
(8, 6, 'Noviembre', 2009, 113, '2015-09-10'),
(8, 7, 'Noviembre', 2010, 291, '2015-03-09'),
(8, 2, 'Noviembre', 2011, 116, '2014-07-04'),
(8, 2, 'Noviembre', 2012, 208, '2015-08-10'),
(8, 7, 'Noviembre', 2013, 291, '2014-08-27'),
(8, 2, 'Noviembre', 2014, 132, '2013-09-17'),
(8, 2, 'Octubre', 2009, 335, '2014-12-10'),
(8, 7, 'Octubre', 2010, 115, '2013-07-31'),
(8, 1, 'Octubre', 2011, 373, '2013-09-26'),
(8, 10, 'Octubre', 2012, 219, '2014-11-19'),
(8, 8, 'Octubre', 2013, 174, '2014-10-22'),
(8, 9, 'Octubre', 2014, 114, '2014-11-29'),
(8, 8, 'Septiembre', 2009, 213, '2014-02-11'),
(8, 10, 'Septiembre', 2010, 210, '2014-01-04'),
(8, 4, 'Septiembre', 2011, 311, '2013-08-20'),
(8, 6, 'Septiembre', 2012, 224, '2014-09-16'),
(8, 3, 'Septiembre', 2013, 389, '2014-07-27'),
(8, 8, 'Septiembre', 2014, 271, '2013-10-16'),
(9, 2, 'Abril', 2009, 122, '2014-10-08'),
(9, 9, 'Abril', 2010, 253, '2014-04-22'),
(9, 1, 'Abril', 2011, 195, '2015-02-06'),
(9, 10, 'Abril', 2012, 119, '2014-08-25'),
(9, 1, 'Agosto', 2009, 213, '2014-02-01'),
(9, 5, 'Agosto', 2010, 304, '2014-10-02'),
(9, 7, 'Agosto', 2011, 183, '2014-08-22'),
(9, 2, 'Agosto', 2012, 202, '2013-10-25'),
(9, 5, 'Julio', 2009, 360, '2013-12-02'),
(9, 7, 'Julio', 2010, 194, '2013-12-11'),
(9, 9, 'Julio', 2011, 394, '2013-08-23'),
(9, 8, 'Julio', 2012, 384, '2014-12-29'),
(9, 10, 'Junio', 2009, 336, '2015-08-29'),
(9, 8, 'Junio', 2010, 130, '2013-10-14'),
(9, 3, 'Junio', 2011, 143, '2015-03-16'),
(9, 5, 'Junio', 2012, 225, '2014-12-28'),
(9, 5, 'Mayo', 2009, 298, '2013-11-13'),
(9, 4, 'Mayo', 2010, 110, '2014-01-10'),
(9, 5, 'Mayo', 2011, 162, '2015-01-12'),
(9, 5, 'Mayo', 2012, 380, '2014-05-21'),
(9, 8, 'Noviembre', 2009, 108, '2014-01-20'),
(9, 1, 'Noviembre', 2010, 204, '2015-09-19'),
(9, 6, 'Noviembre', 2011, 296, '2013-09-23'),
(9, 8, 'Noviembre', 2012, 168, '2015-07-20'),
(9, 4, 'Octubre', 2009, 153, '2014-06-04'),
(9, 2, 'Octubre', 2010, 161, '2014-06-18'),
(9, 9, 'Octubre', 2011, 247, '2015-03-04'),
(9, 6, 'Octubre', 2012, 353, '2013-11-08'),
(9, 7, 'Septiembre', 2009, 323, '2015-06-13'),
(9, 3, 'Septiembre', 2010, 153, '2015-09-12'),
(9, 9, 'Septiembre', 2011, 301, '2013-11-07'),
(9, 5, 'Septiembre', 2012, 345, '2015-01-09'),
(10, 3, 'Abril', 2009, 119, '2013-07-31'),
(10, 5, 'Abril', 2010, 365, '2014-07-02'),
(10, 4, 'Abril', 2011, 162, '2014-07-19'),
(10, 1, 'Abril', 2012, 218, '2015-07-19'),
(10, 2, 'Abril', 2013, 203, '2015-02-11'),
(10, 8, 'Abril', 2014, 261, '2015-02-19'),
(10, 8, 'Agosto', 2009, 305, '2014-05-17'),
(10, 2, 'Agosto', 2010, 231, '2014-04-15'),
(10, 2, 'Agosto', 2011, 138, '2015-07-08'),
(10, 8, 'Agosto', 2012, 201, '2015-08-11'),
(10, 6, 'Agosto', 2013, 189, '2013-10-11'),
(10, 3, 'Agosto', 2014, 245, '2013-08-23'),
(10, 4, 'Julio', 2009, 146, '2014-08-25'),
(10, 3, 'Julio', 2010, 161, '2015-02-24'),
(10, 6, 'Julio', 2011, 267, '2013-08-06'),
(10, 5, 'Julio', 2012, 152, '2013-12-11'),
(10, 5, 'Julio', 2013, 158, '2015-09-05'),
(10, 2, 'Julio', 2014, 237, '2013-07-31'),
(10, 8, 'Junio', 2009, 137, '2015-03-12'),
(10, 7, 'Junio', 2010, 259, '2014-12-07'),
(10, 8, 'Junio', 2011, 183, '2014-07-22'),
(10, 4, 'Junio', 2012, 339, '2015-05-13'),
(10, 1, 'Junio', 2013, 143, '2013-08-01'),
(10, 4, 'Junio', 2014, 203, '2013-07-24'),
(10, 10, 'Mayo', 2009, 203, '2013-12-09'),
(10, 7, 'Mayo', 2010, 370, '2014-12-03'),
(10, 10, 'Mayo', 2011, 240, '2014-08-06'),
(10, 3, 'Mayo', 2012, 291, '2014-07-28'),
(10, 7, 'Mayo', 2013, 332, '2014-10-19'),
(10, 5, 'Mayo', 2014, 390, '2013-11-18'),
(10, 2, 'Noviembre', 2009, 280, '2014-05-11'),
(10, 7, 'Noviembre', 2010, 251, '2013-12-17'),
(10, 4, 'Noviembre', 2011, 317, '2014-01-13'),
(10, 5, 'Noviembre', 2012, 129, '2015-04-02'),
(10, 4, 'Noviembre', 2013, 195, '2014-02-25'),
(10, 2, 'Noviembre', 2014, 188, '2014-01-12'),
(10, 3, 'Octubre', 2009, 311, '2014-07-05'),
(10, 3, 'Octubre', 2010, 390, '2015-04-17'),
(10, 10, 'Octubre', 2011, 316, '2015-09-15'),
(10, 3, 'Octubre', 2012, 308, '2014-04-19'),
(10, 1, 'Octubre', 2013, 192, '2015-06-14'),
(10, 3, 'Octubre', 2014, 240, '2014-04-19'),
(10, 6, 'Septiembre', 2009, 289, '2014-11-16'),
(10, 3, 'Septiembre', 2010, 380, '2013-09-30'),
(10, 2, 'Septiembre', 2011, 332, '2013-08-30'),
(10, 2, 'Septiembre', 2012, 121, '2015-04-19'),
(10, 3, 'Septiembre', 2013, 110, '2014-10-25'),
(10, 9, 'Septiembre', 2014, 387, '2015-05-04'),
(11, 6, 'Abril', 2009, 257, '2015-01-14'),
(11, 3, 'Abril', 2010, 273, '2013-08-28'),
(11, 8, 'Abril', 2011, 196, '2015-04-01'),
(11, 2, 'Abril', 2012, 363, '2015-05-23'),
(11, 1, 'Abril', 2013, 226, '2014-08-08'),
(11, 8, 'Abril', 2014, 239, '2015-05-14'),
(11, 4, 'Agosto', 2009, 375, '2014-02-01'),
(11, 5, 'Agosto', 2010, 218, '2015-01-20'),
(11, 8, 'Agosto', 2011, 168, '2014-08-19'),
(11, 7, 'Agosto', 2012, 385, '2013-11-11'),
(11, 7, 'Agosto', 2013, 118, '2014-02-22'),
(11, 5, 'Agosto', 2014, 240, '2015-08-26'),
(11, 4, 'Julio', 2009, 207, '2014-11-18'),
(11, 5, 'Julio', 2010, 199, '2014-11-07'),
(11, 6, 'Julio', 2011, 274, '2014-03-12'),
(11, 2, 'Julio', 2012, 371, '2014-11-15'),
(11, 3, 'Julio', 2013, 333, '2014-08-26'),
(11, 7, 'Julio', 2014, 151, '2013-08-23'),
(11, 2, 'Junio', 2009, 141, '2015-08-04'),
(11, 4, 'Junio', 2010, 130, '2014-11-04'),
(11, 6, 'Junio', 2011, 128, '2014-01-13'),
(11, 8, 'Junio', 2012, 150, '2015-09-03'),
(11, 8, 'Junio', 2013, 268, '2015-02-11'),
(11, 3, 'Junio', 2014, 188, '2013-10-05'),
(11, 5, 'Mayo', 2009, 122, '2014-08-25'),
(11, 9, 'Mayo', 2010, 400, '2014-08-09'),
(11, 2, 'Mayo', 2011, 331, '2013-12-03'),
(11, 1, 'Mayo', 2012, 356, '2015-03-23'),
(11, 2, 'Mayo', 2013, 385, '2014-12-13'),
(11, 3, 'Mayo', 2014, 157, '2015-01-13'),
(11, 6, 'Noviembre', 2009, 390, '2015-05-01'),
(11, 10, 'Noviembre', 2010, 252, '2015-03-21'),
(11, 9, 'Noviembre', 2011, 291, '2013-10-17'),
(11, 10, 'Noviembre', 2012, 300, '2014-08-20'),
(11, 7, 'Noviembre', 2013, 223, '2015-03-03'),
(11, 5, 'Noviembre', 2014, 119, '2015-07-01'),
(11, 4, 'Octubre', 2009, 167, '2014-08-15'),
(11, 10, 'Octubre', 2010, 361, '2014-07-17'),
(11, 6, 'Octubre', 2011, 304, '2013-11-21'),
(11, 10, 'Octubre', 2012, 338, '2014-03-26'),
(11, 2, 'Octubre', 2013, 377, '2015-07-30'),
(11, 3, 'Octubre', 2014, 169, '2015-02-12'),
(11, 1, 'Septiembre', 2009, 167, '2014-02-14'),
(11, 4, 'Septiembre', 2010, 392, '2014-02-01'),
(11, 4, 'Septiembre', 2011, 155, '2015-02-08'),
(11, 4, 'Septiembre', 2012, 101, '2014-03-31'),
(11, 6, 'Septiembre', 2013, 242, '2014-07-07'),
(11, 9, 'Septiembre', 2014, 206, '2015-03-31'),
(12, 4, 'Abril', 2009, 300, '2015-04-13'),
(12, 10, 'Abril', 2010, 187, '2015-08-12'),
(12, 4, 'Abril', 2011, 238, '2013-10-31'),
(12, 10, 'Abril', 2012, 226, '2013-09-06'),
(12, 9, 'Abril', 2013, 320, '2014-07-28'),
(12, 8, 'Abril', 2014, 219, '2015-04-22'),
(12, 7, 'Agosto', 2009, 321, '2013-12-27'),
(12, 4, 'Agosto', 2010, 196, '2015-04-18'),
(12, 7, 'Agosto', 2011, 221, '2014-06-30'),
(12, 4, 'Agosto', 2012, 113, '2013-11-26'),
(12, 6, 'Agosto', 2013, 107, '2014-07-16'),
(12, 4, 'Agosto', 2014, 397, '2015-07-13'),
(12, 9, 'Julio', 2009, 202, '2015-07-02'),
(12, 10, 'Julio', 2010, 138, '2015-09-24'),
(12, 3, 'Julio', 2011, 285, '2015-03-26'),
(12, 6, 'Julio', 2012, 307, '2015-01-20'),
(12, 10, 'Julio', 2013, 281, '2014-03-12'),
(12, 5, 'Julio', 2014, 383, '2013-12-16'),
(12, 2, 'Junio', 2009, 301, '2015-06-02'),
(12, 8, 'Junio', 2010, 295, '2014-01-09'),
(12, 4, 'Junio', 2011, 173, '2014-07-27'),
(12, 8, 'Junio', 2012, 179, '2014-10-17'),
(12, 8, 'Junio', 2013, 277, '2013-08-06'),
(12, 6, 'Junio', 2014, 146, '2014-09-25'),
(12, 5, 'Mayo', 2009, 265, '2013-11-24'),
(12, 2, 'Mayo', 2010, 322, '2014-06-12'),
(12, 4, 'Mayo', 2011, 114, '2014-10-02'),
(12, 6, 'Mayo', 2012, 108, '2013-08-28'),
(12, 2, 'Mayo', 2013, 399, '2014-02-03'),
(12, 3, 'Mayo', 2014, 368, '2015-01-18'),
(12, 8, 'Noviembre', 2009, 315, '2015-08-21'),
(12, 5, 'Noviembre', 2010, 141, '2015-05-18'),
(12, 2, 'Noviembre', 2011, 265, '2013-12-05'),
(12, 7, 'Noviembre', 2012, 197, '2014-07-17'),
(12, 10, 'Noviembre', 2013, 394, '2015-02-11'),
(12, 7, 'Noviembre', 2014, 376, '2013-07-27'),
(12, 5, 'Octubre', 2009, 264, '2014-11-06'),
(12, 4, 'Octubre', 2010, 325, '2015-08-06'),
(12, 5, 'Octubre', 2011, 131, '2015-05-13'),
(12, 2, 'Octubre', 2012, 182, '2014-01-01'),
(12, 6, 'Octubre', 2013, 118, '2014-03-31'),
(12, 7, 'Octubre', 2014, 246, '2015-09-07'),
(12, 3, 'Septiembre', 2009, 339, '2013-11-22'),
(12, 9, 'Septiembre', 2010, 167, '2014-06-21'),
(12, 1, 'Septiembre', 2011, 318, '2014-09-11'),
(12, 8, 'Septiembre', 2012, 391, '2014-11-22'),
(12, 3, 'Septiembre', 2013, 298, '2013-08-02'),
(12, 5, 'Septiembre', 2014, 217, '2015-09-12'),
(13, 5, 'Abril', 2009, 312, '2015-03-24'),
(13, 7, 'Abril', 2010, 282, '2015-09-07'),
(13, 10, 'Abril', 2011, 374, '2014-05-15'),
(13, 4, 'Abril', 2012, 324, '2015-03-31'),
(13, 6, 'Abril', 2013, 397, '2015-09-15'),
(13, 7, 'Abril', 2014, 314, '2013-07-18'),
(13, 5, 'Agosto', 2009, 340, '2014-08-29'),
(13, 6, 'Agosto', 2010, 172, '2013-09-24'),
(13, 4, 'Agosto', 2011, 343, '2013-09-18'),
(13, 4, 'Agosto', 2012, 194, '2015-09-16'),
(13, 7, 'Agosto', 2013, 144, '2015-07-24'),
(13, 1, 'Agosto', 2014, 339, '2015-09-18'),
(13, 8, 'Julio', 2009, 189, '2014-02-27'),
(13, 7, 'Julio', 2010, 363, '2015-02-03'),
(13, 4, 'Julio', 2011, 244, '2015-08-13'),
(13, 9, 'Julio', 2012, 335, '2014-09-15'),
(13, 4, 'Julio', 2013, 239, '2015-08-04'),
(13, 1, 'Julio', 2014, 392, '2014-06-17'),
(13, 2, 'Junio', 2009, 225, '2015-02-11'),
(13, 9, 'Junio', 2010, 308, '2015-01-03'),
(13, 9, 'Junio', 2011, 163, '2013-09-14'),
(13, 8, 'Junio', 2012, 394, '2015-05-20'),
(13, 2, 'Junio', 2013, 176, '2013-12-21'),
(13, 6, 'Junio', 2014, 202, '2015-08-07'),
(13, 4, 'Mayo', 2009, 292, '2015-02-27'),
(13, 2, 'Mayo', 2010, 220, '2014-09-06'),
(13, 2, 'Mayo', 2011, 127, '2014-12-20'),
(13, 4, 'Mayo', 2012, 175, '2013-08-19'),
(13, 1, 'Mayo', 2013, 396, '2015-01-12'),
(13, 8, 'Mayo', 2014, 149, '2014-03-12'),
(13, 3, 'Noviembre', 2009, 363, '2015-01-24'),
(13, 9, 'Noviembre', 2010, 325, '2014-04-14'),
(13, 10, 'Noviembre', 2011, 135, '2014-02-17'),
(13, 6, 'Noviembre', 2012, 203, '2014-04-16'),
(13, 10, 'Noviembre', 2013, 208, '2013-08-22'),
(13, 5, 'Noviembre', 2014, 334, '2014-05-04'),
(13, 7, 'Octubre', 2009, 317, '2015-01-31'),
(13, 6, 'Octubre', 2010, 153, '2014-08-15'),
(13, 4, 'Octubre', 2011, 316, '2014-03-23'),
(13, 4, 'Octubre', 2012, 117, '2014-09-23'),
(13, 2, 'Octubre', 2013, 140, '2015-07-20'),
(13, 9, 'Octubre', 2014, 252, '2014-12-13'),
(13, 2, 'Septiembre', 2009, 125, '2015-05-20'),
(13, 4, 'Septiembre', 2010, 116, '2014-07-05'),
(13, 9, 'Septiembre', 2011, 109, '2014-10-25'),
(13, 10, 'Septiembre', 2012, 396, '2014-09-25'),
(13, 3, 'Septiembre', 2013, 350, '2015-03-07'),
(13, 9, 'Septiembre', 2014, 160, '2013-10-29'),
(14, 9, 'Abril', 2009, 383, '2013-08-24'),
(14, 10, 'Abril', 2010, 154, '2014-12-14'),
(14, 7, 'Abril', 2011, 122, '2013-11-07'),
(14, 5, 'Abril', 2012, 353, '2015-07-16'),
(14, 7, 'Abril', 2013, 394, '2013-09-17'),
(14, 1, 'Abril', 2014, 208, '2014-11-13'),
(14, 7, 'Agosto', 2009, 190, '2014-12-20'),
(14, 1, 'Agosto', 2010, 363, '2014-02-25'),
(14, 1, 'Agosto', 2011, 241, '2014-12-22'),
(14, 8, 'Agosto', 2012, 319, '2015-04-05'),
(14, 1, 'Agosto', 2013, 171, '2015-08-20'),
(14, 10, 'Agosto', 2014, 101, '2014-02-05'),
(14, 1, 'Julio', 2009, 251, '2014-01-15'),
(14, 8, 'Julio', 2010, 283, '2015-07-30'),
(14, 7, 'Julio', 2011, 259, '2013-11-01'),
(14, 5, 'Julio', 2012, 349, '2014-10-12'),
(14, 9, 'Julio', 2013, 265, '2014-10-30'),
(14, 1, 'Julio', 2014, 179, '2015-02-10'),
(14, 7, 'Junio', 2009, 276, '2014-10-14'),
(14, 3, 'Junio', 2010, 373, '2014-01-06'),
(14, 6, 'Junio', 2011, 333, '2015-09-07'),
(14, 2, 'Junio', 2012, 147, '2014-04-09'),
(14, 5, 'Junio', 2013, 240, '2014-01-08'),
(14, 6, 'Junio', 2014, 357, '2014-06-22'),
(14, 7, 'Mayo', 2009, 354, '2014-09-29'),
(14, 7, 'Mayo', 2010, 274, '2013-12-06'),
(14, 10, 'Mayo', 2011, 210, '2014-04-18'),
(14, 1, 'Mayo', 2012, 126, '2015-01-17'),
(14, 7, 'Mayo', 2013, 203, '2014-11-24'),
(14, 5, 'Mayo', 2014, 237, '2015-07-24'),
(14, 1, 'Noviembre', 2009, 356, '2015-06-19'),
(14, 10, 'Noviembre', 2010, 257, '2014-09-13'),
(14, 10, 'Noviembre', 2011, 120, '2014-10-27'),
(14, 4, 'Noviembre', 2012, 329, '2014-06-13'),
(14, 4, 'Noviembre', 2013, 282, '2014-03-20'),
(14, 7, 'Noviembre', 2014, 326, '2014-04-30'),
(14, 5, 'Octubre', 2009, 238, '2014-10-24'),
(14, 2, 'Octubre', 2010, 242, '2015-07-18'),
(14, 6, 'Octubre', 2011, 395, '2014-05-30'),
(14, 1, 'Octubre', 2012, 249, '2015-08-21'),
(14, 6, 'Octubre', 2013, 258, '2015-03-12'),
(14, 9, 'Octubre', 2014, 144, '2014-08-06'),
(14, 6, 'Septiembre', 2009, 201, '2014-06-09'),
(14, 9, 'Septiembre', 2010, 167, '2013-10-29'),
(14, 6, 'Septiembre', 2011, 133, '2014-02-20'),
(14, 8, 'Septiembre', 2012, 365, '2014-01-19'),
(14, 1, 'Septiembre', 2013, 123, '2014-01-05'),
(14, 7, 'Septiembre', 2014, 322, '2015-06-16'),
(15, 10, 'Abril', 2010, 138, '2014-11-19'),
(15, 9, 'Abril', 2011, 168, '2015-04-21'),
(15, 2, 'Abril', 2012, 326, '2015-01-23'),
(15, 5, 'Abril', 2013, 122, '2015-03-07'),
(15, 10, 'Abril', 2014, 138, '2013-08-16'),
(15, 3, 'Abril', 2015, 223, '2015-05-06'),
(15, 5, 'Agosto', 2010, 301, '2014-12-10'),
(15, 4, 'Agosto', 2011, 133, '2014-10-13'),
(15, 1, 'Agosto', 2012, 264, '2013-08-04'),
(15, 8, 'Agosto', 2013, 220, '2014-06-29'),
(15, 9, 'Agosto', 2014, 210, '2013-09-27'),
(15, 5, 'Agosto', 2015, 289, '2014-07-03'),
(15, 10, 'Julio', 2010, 115, '2014-08-30'),
(15, 8, 'Julio', 2011, 211, '2013-08-08'),
(15, 5, 'Julio', 2012, 310, '2014-06-10'),
(15, 8, 'Julio', 2013, 215, '2015-08-31'),
(15, 10, 'Julio', 2014, 347, '2014-06-03'),
(15, 10, 'Julio', 2015, 388, '2015-07-25'),
(15, 3, 'Junio', 2010, 198, '2015-01-11'),
(15, 2, 'Junio', 2011, 330, '2013-10-09'),
(15, 6, 'Junio', 2012, 353, '2013-08-10'),
(15, 2, 'Junio', 2013, 375, '2014-08-30'),
(15, 2, 'Junio', 2014, 113, '2013-10-02'),
(15, 4, 'Junio', 2015, 245, '2015-06-23'),
(15, 10, 'Mayo', 2010, 184, '2015-08-02'),
(15, 8, 'Mayo', 2011, 385, '2014-01-10'),
(15, 8, 'Mayo', 2012, 371, '2014-08-17'),
(15, 6, 'Mayo', 2013, 300, '2014-10-14'),
(15, 3, 'Mayo', 2014, 288, '2015-09-23'),
(15, 9, 'Mayo', 2015, 139, '2014-08-09'),
(15, 8, 'Noviembre', 2010, 334, '2014-05-04'),
(15, 10, 'Noviembre', 2011, 249, '2014-01-21'),
(15, 8, 'Noviembre', 2012, 145, '2015-09-20'),
(15, 4, 'Noviembre', 2013, 179, '2013-09-11'),
(15, 3, 'Noviembre', 2014, 359, '2015-03-21'),
(15, 5, 'Octubre', 2010, 105, '2015-07-22'),
(15, 6, 'Octubre', 2011, 260, '2015-03-29'),
(15, 1, 'Octubre', 2012, 283, '2013-10-23'),
(15, 6, 'Octubre', 2013, 232, '2015-06-19'),
(15, 2, 'Octubre', 2014, 215, '2015-05-24'),
(15, 9, 'Octubre', 2015, 277, '2015-05-27'),
(15, 10, 'Septiembre', 2010, 339, '2014-03-17'),
(15, 7, 'Septiembre', 2011, 162, '2014-04-05'),
(15, 4, 'Septiembre', 2012, 295, '2015-07-28'),
(15, 6, 'Septiembre', 2013, 288, '2014-02-10'),
(15, 3, 'Septiembre', 2014, 156, '2015-03-29'),
(15, 5, 'Septiembre', 2015, 117, '2015-09-11'),
(16, 8, 'Abril', 2010, 317, '2014-10-20'),
(16, 7, 'Abril', 2011, 231, '2013-10-22'),
(16, 6, 'Abril', 2012, 108, '2013-11-18'),
(16, 7, 'Abril', 2013, 346, '2013-10-08'),
(16, 9, 'Abril', 2014, 104, '2013-08-10'),
(16, 4, 'Abril', 2015, 284, '2014-11-11'),
(16, 7, 'Agosto', 2010, 106, '2015-04-14'),
(16, 3, 'Agosto', 2011, 179, '2014-03-14'),
(16, 5, 'Agosto', 2012, 176, '2014-09-21'),
(16, 5, 'Agosto', 2013, 247, '2015-09-04'),
(16, 9, 'Agosto', 2014, 304, '2014-03-14'),
(16, 5, 'Agosto', 2015, 379, '2015-01-18'),
(16, 10, 'Julio', 2010, 283, '2015-06-14'),
(16, 7, 'Julio', 2011, 178, '2013-09-18'),
(16, 7, 'Julio', 2012, 242, '2015-04-05'),
(16, 9, 'Julio', 2013, 276, '2014-10-12'),
(16, 1, 'Julio', 2014, 254, '2015-08-14'),
(16, 2, 'Julio', 2015, 341, '2014-09-05'),
(16, 10, 'Junio', 2010, 243, '2015-08-04'),
(16, 2, 'Junio', 2011, 393, '2014-04-19'),
(16, 1, 'Junio', 2012, 235, '2014-03-29'),
(16, 3, 'Junio', 2013, 196, '2013-12-08'),
(16, 2, 'Junio', 2014, 176, '2015-02-03'),
(16, 1, 'Junio', 2015, 194, '2015-01-20'),
(16, 4, 'Mayo', 2010, 342, '2014-06-21'),
(16, 1, 'Mayo', 2011, 126, '2015-06-14'),
(16, 4, 'Mayo', 2012, 106, '2013-12-24'),
(16, 6, 'Mayo', 2013, 355, '2014-07-18'),
(16, 4, 'Mayo', 2014, 151, '2013-11-02'),
(16, 8, 'Mayo', 2015, 192, '2014-07-10'),
(16, 5, 'Noviembre', 2010, 106, '2013-12-30'),
(16, 2, 'Noviembre', 2011, 157, '2014-05-31'),
(16, 8, 'Noviembre', 2012, 368, '2013-12-16'),
(16, 10, 'Noviembre', 2013, 367, '2014-06-10'),
(16, 5, 'Noviembre', 2014, 330, '2014-11-22'),
(16, 10, 'Octubre', 2010, 259, '2013-12-16'),
(16, 6, 'Octubre', 2011, 146, '2014-03-22'),
(16, 7, 'Octubre', 2012, 153, '2014-12-12'),
(16, 10, 'Octubre', 2013, 228, '2015-06-14'),
(16, 3, 'Octubre', 2014, 282, '2014-04-14'),
(16, 9, 'Septiembre', 2010, 383, '2015-04-27'),
(16, 7, 'Septiembre', 2011, 235, '2015-05-01'),
(16, 4, 'Septiembre', 2012, 230, '2014-05-28'),
(16, 10, 'Septiembre', 2013, 343, '2014-06-22'),
(16, 6, 'Septiembre', 2014, 322, '2014-04-07'),
(16, 2, 'Septiembre', 2015, 183, '2015-05-31'),
(17, 7, 'Abril', 2010, 148, '2014-12-08'),
(17, 10, 'Abril', 2011, 396, '2014-02-19'),
(17, 5, 'Abril', 2012, 230, '2014-07-02'),
(17, 3, 'Abril', 2013, 163, '2014-11-18'),
(17, 8, 'Abril', 2014, 327, '2013-10-21'),
(17, 2, 'Abril', 2015, 146, '2013-08-18'),
(17, 3, 'Agosto', 2010, 249, '2014-03-23'),
(17, 3, 'Agosto', 2011, 105, '2015-02-24'),
(17, 8, 'Agosto', 2012, 283, '2014-01-01'),
(17, 6, 'Agosto', 2013, 397, '2013-07-27'),
(17, 3, 'Agosto', 2014, 134, '2014-02-18'),
(17, 1, 'Agosto', 2015, 282, '2014-02-15'),
(17, 5, 'Julio', 2010, 307, '2015-04-15'),
(17, 1, 'Julio', 2011, 288, '2014-03-04'),
(17, 9, 'Julio', 2012, 117, '2014-07-27'),
(17, 10, 'Julio', 2013, 224, '2015-03-09'),
(17, 6, 'Julio', 2014, 367, '2014-02-08'),
(17, 5, 'Julio', 2015, 162, '2014-04-13'),
(17, 3, 'Junio', 2010, 211, '2015-06-30'),
(17, 7, 'Junio', 2011, 168, '2014-05-30'),
(17, 3, 'Junio', 2012, 107, '2014-12-09'),
(17, 9, 'Junio', 2013, 234, '2014-01-14'),
(17, 1, 'Junio', 2014, 149, '2015-05-24'),
(17, 3, 'Junio', 2015, 243, '2014-07-03'),
(17, 7, 'Mayo', 2010, 366, '2015-03-22'),
(17, 4, 'Mayo', 2011, 399, '2015-09-18'),
(17, 4, 'Mayo', 2012, 196, '2014-11-05'),
(17, 10, 'Mayo', 2013, 288, '2015-05-22'),
(17, 10, 'Mayo', 2014, 148, '2014-03-30'),
(17, 5, 'Mayo', 2015, 380, '2015-05-24'),
(17, 9, 'Noviembre', 2010, 153, '2015-02-06'),
(17, 2, 'Noviembre', 2011, 127, '2013-08-22'),
(17, 5, 'Noviembre', 2012, 379, '2014-04-29'),
(17, 1, 'Noviembre', 2013, 209, '2014-04-12'),
(17, 9, 'Noviembre', 2014, 109, '2014-02-17'),
(17, 1, 'Octubre', 2010, 170, '2013-07-23'),
(17, 3, 'Octubre', 2011, 392, '2015-06-18'),
(17, 5, 'Octubre', 2012, 147, '2015-05-09'),
(17, 2, 'Octubre', 2013, 365, '2014-07-01'),
(17, 3, 'Octubre', 2014, 379, '2014-09-24'),
(17, 3, 'Septiembre', 2010, 155, '2014-04-06'),
(17, 2, 'Septiembre', 2011, 385, '2013-09-28'),
(17, 9, 'Septiembre', 2012, 154, '2014-06-08'),
(17, 1, 'Septiembre', 2013, 116, '2013-09-09'),
(17, 5, 'Septiembre', 2014, 322, '2014-05-24'),
(17, 10, 'Septiembre', 2015, 258, '2014-03-03'),
(18, 9, 'Abril', 2010, 226, '2014-12-29'),
(18, 6, 'Abril', 2011, 257, '2015-02-22'),
(18, 10, 'Abril', 2012, 204, '2014-11-16'),
(18, 8, 'Abril', 2013, 150, '2015-08-12'),
(18, 3, 'Abril', 2014, 339, '2013-10-28'),
(18, 10, 'Abril', 2015, 244, '2015-02-01'),
(18, 7, 'Agosto', 2010, 105, '2013-09-15'),
(18, 6, 'Agosto', 2011, 294, '2014-10-13'),
(18, 2, 'Agosto', 2012, 151, '2013-12-15'),
(18, 4, 'Agosto', 2013, 376, '2015-05-04'),
(18, 6, 'Agosto', 2014, 123, '2014-06-28'),
(18, 8, 'Agosto', 2015, 289, '2014-08-10'),
(18, 4, 'Julio', 2010, 378, '2015-05-31'),
(18, 4, 'Julio', 2011, 320, '2014-09-17'),
(18, 8, 'Julio', 2012, 369, '2014-12-24'),
(18, 8, 'Julio', 2013, 180, '2013-09-12'),
(18, 1, 'Julio', 2014, 297, '2015-08-24'),
(18, 3, 'Julio', 2015, 244, '2015-04-22'),
(18, 8, 'Junio', 2010, 227, '2014-02-12'),
(18, 9, 'Junio', 2011, 307, '2015-03-11'),
(18, 4, 'Junio', 2012, 151, '2013-10-09'),
(18, 9, 'Junio', 2013, 336, '2013-08-15'),
(18, 4, 'Junio', 2014, 224, '2015-09-15'),
(18, 7, 'Junio', 2015, 312, '2013-08-15'),
(18, 10, 'Mayo', 2010, 189, '2014-10-19'),
(18, 8, 'Mayo', 2011, 209, '2013-08-21'),
(18, 5, 'Mayo', 2012, 381, '2015-09-23'),
(18, 6, 'Mayo', 2013, 273, '2014-11-15'),
(18, 6, 'Mayo', 2014, 121, '2014-12-19'),
(18, 7, 'Mayo', 2015, 292, '2014-11-14'),
(18, 1, 'Noviembre', 2010, 393, '2015-08-27'),
(18, 1, 'Noviembre', 2011, 388, '2014-08-28'),
(18, 4, 'Noviembre', 2012, 362, '2015-01-25'),
(18, 1, 'Noviembre', 2013, 246, '2015-08-04'),
(18, 7, 'Noviembre', 2014, 345, '2015-09-06'),
(18, 9, 'Octubre', 2010, 284, '2014-09-09'),
(18, 10, 'Octubre', 2011, 168, '2015-06-06'),
(18, 2, 'Octubre', 2012, 192, '2015-02-08'),
(18, 4, 'Octubre', 2013, 354, '2015-05-24'),
(18, 6, 'Octubre', 2014, 191, '2014-02-26'),
(18, 9, 'Septiembre', 2010, 103, '2014-11-05'),
(18, 3, 'Septiembre', 2011, 131, '2014-11-19'),
(18, 2, 'Septiembre', 2012, 248, '2015-05-28'),
(18, 6, 'Septiembre', 2013, 143, '2014-07-18'),
(18, 1, 'Septiembre', 2014, 175, '2014-12-07'),
(18, 4, 'Septiembre', 2015, 347, '2014-06-15'),
(19, 2, 'Abril', 2010, 207, '2013-07-26'),
(19, 3, 'Abril', 2011, 196, '2014-05-04'),
(19, 7, 'Abril', 2012, 258, '2015-04-23'),
(19, 7, 'Abril', 2013, 303, '2014-11-11'),
(19, 10, 'Abril', 2014, 338, '2014-04-30'),
(19, 1, 'Abril', 2015, 382, '2014-06-30'),
(19, 10, 'Agosto', 2010, 196, '2015-03-02'),
(19, 5, 'Agosto', 2011, 334, '2015-06-30'),
(19, 1, 'Agosto', 2012, 381, '2014-02-05'),
(19, 8, 'Agosto', 2013, 204, '2013-12-19'),
(19, 2, 'Agosto', 2014, 378, '2014-10-23'),
(19, 10, 'Agosto', 2015, 275, '2013-09-14'),
(19, 5, 'Julio', 2010, 140, '2015-04-19'),
(19, 1, 'Julio', 2011, 378, '2015-06-26'),
(19, 3, 'Julio', 2012, 168, '2014-01-08'),
(19, 6, 'Julio', 2013, 209, '2014-10-16'),
(19, 6, 'Julio', 2014, 142, '2014-11-22'),
(19, 1, 'Julio', 2015, 281, '2015-06-20'),
(19, 8, 'Junio', 2010, 279, '2015-08-22'),
(19, 1, 'Junio', 2011, 150, '2014-01-26'),
(19, 10, 'Junio', 2012, 117, '2014-05-02'),
(19, 4, 'Junio', 2013, 336, '2014-06-12'),
(19, 2, 'Junio', 2014, 324, '2013-12-26'),
(19, 5, 'Junio', 2015, 215, '2013-07-25'),
(19, 10, 'Mayo', 2010, 302, '2014-04-27'),
(19, 6, 'Mayo', 2011, 164, '2015-09-02'),
(19, 10, 'Mayo', 2012, 115, '2013-10-10'),
(19, 2, 'Mayo', 2013, 286, '2014-01-14'),
(19, 1, 'Mayo', 2014, 384, '2013-12-14'),
(19, 1, 'Mayo', 2015, 360, '2015-05-30'),
(19, 10, 'Noviembre', 2010, 249, '2013-09-05'),
(19, 9, 'Noviembre', 2011, 367, '2015-03-14'),
(19, 5, 'Noviembre', 2012, 384, '2015-03-18'),
(19, 10, 'Noviembre', 2013, 118, '2014-07-18'),
(19, 5, 'Noviembre', 2014, 242, '2015-09-22'),
(19, 2, 'Octubre', 2010, 248, '2015-05-19'),
(19, 2, 'Octubre', 2011, 377, '2015-09-07'),
(19, 3, 'Octubre', 2012, 136, '2014-08-16'),
(19, 5, 'Octubre', 2013, 352, '2013-09-04'),
(19, 8, 'Octubre', 2014, 352, '2014-09-06'),
(19, 6, 'Octubre', 2015, 302, '2015-07-09'),
(19, 2, 'Septiembre', 2010, 354, '2014-10-24'),
(19, 10, 'Septiembre', 2011, 164, '2014-05-20'),
(19, 10, 'Septiembre', 2012, 258, '2015-09-08'),
(19, 9, 'Septiembre', 2013, 399, '2015-07-06'),
(19, 2, 'Septiembre', 2014, 218, '2014-08-05'),
(19, 5, 'Septiembre', 2015, 395, '2013-10-04'),
(20, 3, 'Abril', 2010, 318, '2015-06-03'),
(20, 9, 'Abril', 2011, 307, '2014-04-28'),
(20, 8, 'Abril', 2012, 180, '2014-02-07'),
(20, 1, 'Abril', 2013, 180, '2015-06-17'),
(20, 2, 'Abril', 2014, 262, '2013-09-08'),
(20, 9, 'Abril', 2015, 368, '2015-01-12'),
(20, 5, 'Agosto', 2010, 354, '2013-08-17'),
(20, 5, 'Agosto', 2011, 264, '2014-08-15'),
(20, 5, 'Agosto', 2012, 157, '2014-03-27'),
(20, 7, 'Agosto', 2013, 198, '2015-07-28'),
(20, 8, 'Agosto', 2014, 115, '2014-09-12'),
(20, 8, 'Agosto', 2015, 184, '2013-11-17'),
(20, 9, 'Julio', 2010, 176, '2013-11-28'),
(20, 5, 'Julio', 2011, 228, '2014-12-13'),
(20, 3, 'Julio', 2012, 211, '2015-05-16'),
(20, 3, 'Julio', 2013, 272, '2014-07-16'),
(20, 2, 'Julio', 2014, 328, '2015-03-25'),
(20, 5, 'Julio', 2015, 122, '2014-04-16'),
(20, 6, 'Junio', 2010, 127, '2015-08-07'),
(20, 7, 'Junio', 2011, 172, '2013-11-30'),
(20, 7, 'Junio', 2012, 379, '2014-01-13'),
(20, 7, 'Junio', 2013, 375, '2014-05-18'),
(20, 4, 'Junio', 2014, 340, '2014-04-19'),
(20, 5, 'Junio', 2015, 172, '2014-01-30'),
(20, 5, 'Mayo', 2010, 344, '2014-04-10'),
(20, 7, 'Mayo', 2011, 200, '2014-09-14'),
(20, 5, 'Mayo', 2012, 168, '2014-03-27'),
(20, 4, 'Mayo', 2013, 143, '2015-09-21'),
(20, 3, 'Mayo', 2014, 110, '2013-07-27'),
(20, 6, 'Mayo', 2015, 322, '2013-09-08'),
(20, 4, 'Noviembre', 2010, 276, '2014-06-13'),
(20, 3, 'Noviembre', 2011, 317, '2015-01-12'),
(20, 4, 'Noviembre', 2012, 354, '2014-01-12'),
(20, 10, 'Noviembre', 2013, 121, '2014-09-26'),
(20, 6, 'Noviembre', 2014, 344, '2014-09-19'),
(20, 8, 'Octubre', 2010, 344, '2015-01-30'),
(20, 3, 'Octubre', 2011, 251, '2013-07-19'),
(20, 10, 'Octubre', 2012, 127, '2013-12-07'),
(20, 10, 'Octubre', 2013, 384, '2014-01-01'),
(20, 7, 'Octubre', 2014, 236, '2015-09-08'),
(20, 8, 'Octubre', 2015, 230, '2014-12-02'),
(20, 2, 'Septiembre', 2010, 343, '2015-02-11'),
(20, 6, 'Septiembre', 2011, 322, '2015-02-17'),
(20, 1, 'Septiembre', 2012, 179, '2014-11-12'),
(20, 5, 'Septiembre', 2013, 133, '2015-01-03'),
(20, 9, 'Septiembre', 2014, 330, '2014-01-09'),
(20, 5, 'Septiembre', 2015, 247, '2014-07-17'),
(21, 7, 'Abril', 2010, 146, '2015-08-09'),
(21, 1, 'Abril', 2011, 192, '2014-11-12'),
(21, 4, 'Abril', 2012, 122, '2015-05-12'),
(21, 6, 'Abril', 2013, 236, '2013-10-07'),
(21, 6, 'Abril', 2014, 112, '2015-02-17'),
(21, 5, 'Abril', 2015, 354, '2014-01-14'),
(21, 1, 'Agosto', 2010, 132, '2014-04-29'),
(21, 2, 'Agosto', 2011, 101, '2015-01-05'),
(21, 5, 'Agosto', 2012, 311, '2013-07-21'),
(21, 9, 'Agosto', 2013, 247, '2014-01-15'),
(21, 1, 'Agosto', 2014, 205, '2013-09-26'),
(21, 5, 'Agosto', 2015, 183, '2015-07-23'),
(21, 10, 'Julio', 2010, 202, '2015-01-12'),
(21, 9, 'Julio', 2011, 361, '2014-01-23'),
(21, 4, 'Julio', 2012, 197, '2014-10-03'),
(21, 8, 'Julio', 2013, 101, '2015-06-21'),
(21, 9, 'Julio', 2014, 118, '2014-05-09'),
(21, 7, 'Julio', 2015, 189, '2015-06-14'),
(21, 7, 'Junio', 2010, 188, '2014-11-21'),
(21, 1, 'Junio', 2011, 273, '2014-12-16'),
(21, 5, 'Junio', 2012, 100, '2013-09-27'),
(21, 8, 'Junio', 2013, 183, '2015-02-07'),
(21, 1, 'Junio', 2014, 215, '2014-08-16'),
(21, 9, 'Junio', 2015, 125, '2014-02-27'),
(21, 7, 'Mayo', 2010, 183, '2014-06-21'),
(21, 8, 'Mayo', 2011, 138, '2013-12-23'),
(21, 10, 'Mayo', 2012, 344, '2014-07-06'),
(21, 3, 'Mayo', 2013, 304, '2015-09-18'),
(21, 8, 'Mayo', 2014, 386, '2014-04-05'),
(21, 7, 'Mayo', 2015, 319, '2014-05-18'),
(21, 10, 'Noviembre', 2010, 335, '2014-07-01'),
(21, 5, 'Noviembre', 2011, 320, '2015-06-25'),
(21, 2, 'Noviembre', 2012, 194, '2013-07-20'),
(21, 2, 'Noviembre', 2013, 210, '2014-03-31'),
(21, 9, 'Noviembre', 2014, 371, '2014-09-18'),
(21, 7, 'Octubre', 2010, 189, '2014-12-14'),
(21, 7, 'Octubre', 2011, 184, '2015-08-21'),
(21, 7, 'Octubre', 2012, 254, '2013-09-11'),
(21, 8, 'Octubre', 2013, 317, '2015-04-22'),
(21, 7, 'Octubre', 2014, 123, '2014-08-02'),
(21, 6, 'Octubre', 2015, 167, '2014-03-16'),
(21, 9, 'Septiembre', 2010, 366, '2014-04-04'),
(21, 8, 'Septiembre', 2011, 328, '2014-02-15'),
(21, 3, 'Septiembre', 2012, 142, '2014-08-07'),
(21, 5, 'Septiembre', 2013, 225, '2014-05-25'),
(21, 4, 'Septiembre', 2014, 302, '2013-12-06'),
(21, 9, 'Septiembre', 2015, 131, '2014-12-27'),
(22, 8, 'Abril', 2010, 250, '2013-10-19'),
(22, 8, 'Abril', 2011, 158, '2014-02-22'),
(22, 7, 'Abril', 2012, 241, '2015-03-13'),
(22, 5, 'Abril', 2013, 330, '2013-07-20'),
(22, 6, 'Abril', 2014, 227, '2015-05-04'),
(22, 10, 'Abril', 2015, 347, '2014-08-14'),
(22, 10, 'Agosto', 2010, 351, '2015-06-23'),
(22, 2, 'Agosto', 2011, 313, '2015-01-20'),
(22, 6, 'Agosto', 2012, 113, '2014-05-12'),
(22, 3, 'Agosto', 2013, 126, '2013-12-06'),
(22, 2, 'Agosto', 2014, 192, '2013-10-08'),
(22, 10, 'Agosto', 2015, 181, '2014-07-22'),
(22, 5, 'Julio', 2010, 230, '2014-03-25'),
(22, 3, 'Julio', 2011, 206, '2013-11-08'),
(22, 10, 'Julio', 2012, 241, '2015-05-24'),
(22, 2, 'Julio', 2013, 188, '2015-02-11'),
(22, 4, 'Julio', 2014, 117, '2014-10-09'),
(22, 6, 'Julio', 2015, 223, '2014-08-02'),
(22, 3, 'Junio', 2010, 364, '2015-07-19'),
(22, 5, 'Junio', 2011, 148, '2014-08-10'),
(22, 10, 'Junio', 2012, 149, '2013-11-21'),
(22, 2, 'Junio', 2013, 204, '2014-09-20'),
(22, 8, 'Junio', 2014, 171, '2015-02-17'),
(22, 9, 'Junio', 2015, 146, '2014-07-19'),
(22, 3, 'Mayo', 2010, 114, '2015-03-18'),
(22, 1, 'Mayo', 2011, 336, '2015-05-26'),
(22, 8, 'Mayo', 2012, 336, '2013-11-25'),
(22, 6, 'Mayo', 2013, 272, '2013-11-20'),
(22, 3, 'Mayo', 2014, 250, '2013-10-13'),
(22, 6, 'Mayo', 2015, 336, '2014-10-09'),
(22, 3, 'Noviembre', 2010, 230, '2014-08-01'),
(22, 1, 'Noviembre', 2011, 343, '2014-09-17'),
(22, 2, 'Noviembre', 2012, 321, '2015-05-15'),
(22, 9, 'Noviembre', 2013, 177, '2014-02-25'),
(22, 1, 'Noviembre', 2014, 123, '2015-03-18'),
(22, 5, 'Octubre', 2010, 367, '2014-02-24'),
(22, 6, 'Octubre', 2011, 269, '2014-12-02'),
(22, 8, 'Octubre', 2012, 145, '2015-03-15'),
(22, 8, 'Octubre', 2013, 122, '2014-10-07'),
(22, 8, 'Octubre', 2014, 374, '2014-01-23'),
(22, 7, 'Octubre', 2015, 202, '2015-06-13'),
(22, 7, 'Septiembre', 2010, 389, '2013-07-22'),
(22, 3, 'Septiembre', 2011, 339, '2015-08-23'),
(22, 8, 'Septiembre', 2012, 124, '2014-08-14'),
(22, 3, 'Septiembre', 2013, 109, '2014-04-16'),
(22, 3, 'Septiembre', 2014, 372, '2013-08-16'),
(22, 8, 'Septiembre', 2015, 229, '2015-03-18'),
(23, 7, 'Abril', 2010, 233, '2015-02-10'),
(23, 4, 'Abril', 2011, 377, '2015-04-29'),
(23, 5, 'Abril', 2012, 185, '2015-02-09'),
(23, 10, 'Abril', 2013, 295, '2013-12-07'),
(23, 10, 'Abril', 2014, 218, '2015-07-24'),
(23, 2, 'Abril', 2015, 106, '2015-05-03'),
(23, 4, 'Agosto', 2010, 381, '2013-11-12'),
(23, 3, 'Agosto', 2011, 280, '2014-10-27'),
(23, 3, 'Agosto', 2012, 161, '2015-01-03'),
(23, 3, 'Agosto', 2013, 163, '2015-02-26'),
(23, 1, 'Agosto', 2014, 234, '2015-04-12'),
(23, 7, 'Agosto', 2015, 279, '2014-08-22'),
(23, 8, 'Julio', 2010, 294, '2015-05-23'),
(23, 4, 'Julio', 2011, 232, '2014-05-12'),
(23, 8, 'Julio', 2012, 177, '2013-11-03'),
(23, 2, 'Julio', 2013, 391, '2015-03-20'),
(23, 1, 'Julio', 2014, 123, '2014-06-04'),
(23, 7, 'Julio', 2015, 244, '2014-09-02'),
(23, 4, 'Junio', 2010, 151, '2014-12-04'),
(23, 8, 'Junio', 2011, 223, '2014-12-05'),
(23, 4, 'Junio', 2012, 260, '2014-08-05'),
(23, 2, 'Junio', 2013, 231, '2014-04-19'),
(23, 3, 'Junio', 2014, 274, '2014-10-03'),
(23, 9, 'Junio', 2015, 278, '2015-07-29'),
(23, 2, 'Mayo', 2010, 166, '2013-08-20'),
(23, 4, 'Mayo', 2011, 200, '2013-10-22'),
(23, 1, 'Mayo', 2012, 101, '2014-09-20'),
(23, 2, 'Mayo', 2013, 104, '2015-01-18'),
(23, 2, 'Mayo', 2014, 119, '2014-07-19'),
(23, 7, 'Mayo', 2015, 184, '2013-10-02'),
(23, 1, 'Noviembre', 2010, 163, '2014-02-22'),
(23, 9, 'Noviembre', 2011, 162, '2014-06-01'),
(23, 3, 'Noviembre', 2012, 222, '2014-06-22'),
(23, 5, 'Noviembre', 2013, 225, '2014-01-31'),
(23, 9, 'Noviembre', 2014, 357, '2014-03-15'),
(23, 2, 'Octubre', 2010, 270, '2014-02-14'),
(23, 5, 'Octubre', 2011, 325, '2014-09-27'),
(23, 5, 'Octubre', 2012, 116, '2014-08-23'),
(23, 3, 'Octubre', 2013, 105, '2014-05-23'),
(23, 1, 'Octubre', 2014, 378, '2014-07-03'),
(23, 2, 'Octubre', 2015, 274, '2014-10-10'),
(23, 2, 'Septiembre', 2010, 134, '2015-07-31'),
(23, 9, 'Septiembre', 2011, 350, '2015-01-23'),
(23, 10, 'Septiembre', 2012, 349, '2014-04-25'),
(23, 6, 'Septiembre', 2013, 291, '2014-06-11'),
(23, 1, 'Septiembre', 2014, 309, '2014-05-31'),
(23, 4, 'Septiembre', 2015, 273, '2015-01-09'),
(24, 9, 'Abril', 2010, 336, '2014-02-25'),
(24, 9, 'Abril', 2011, 159, '2014-08-17'),
(24, 6, 'Abril', 2012, 293, '2013-08-19'),
(24, 2, 'Agosto', 2010, 284, '2014-11-06'),
(24, 1, 'Agosto', 2011, 142, '2013-08-23'),
(24, 1, 'Agosto', 2012, 360, '2014-09-24'),
(24, 10, 'Julio', 2010, 372, '2014-12-03'),
(24, 10, 'Julio', 2011, 381, '2014-02-10'),
(24, 2, 'Julio', 2012, 385, '2015-02-26'),
(24, 7, 'Junio', 2010, 383, '2014-09-10'),
(24, 10, 'Junio', 2011, 362, '2014-06-29'),
(24, 1, 'Junio', 2012, 257, '2014-08-23'),
(24, 10, 'Mayo', 2010, 101, '2013-08-16'),
(24, 10, 'Mayo', 2011, 235, '2015-01-28'),
(24, 4, 'Mayo', 2012, 170, '2015-07-27'),
(24, 4, 'Noviembre', 2010, 346, '2014-01-25'),
(24, 3, 'Noviembre', 2011, 221, '2014-09-02'),
(24, 3, 'Noviembre', 2012, 265, '2015-01-24'),
(24, 1, 'Octubre', 2010, 263, '2015-06-15'),
(24, 7, 'Octubre', 2011, 121, '2014-10-30'),
(24, 8, 'Octubre', 2012, 318, '2014-05-12'),
(24, 1, 'Septiembre', 2010, 225, '2013-08-17'),
(24, 3, 'Septiembre', 2011, 374, '2013-09-10'),
(24, 10, 'Septiembre', 2012, 190, '2014-05-05'),
(25, 7, 'Abril', 2010, 331, '2014-07-19'),
(25, 5, 'Abril', 2011, 382, '2013-07-29'),
(25, 6, 'Abril', 2012, 218, '2015-05-13'),
(25, 9, 'Abril', 2013, 146, '2013-07-28'),
(25, 2, 'Abril', 2014, 278, '2014-12-07'),
(25, 6, 'Abril', 2015, 249, '2014-06-15'),
(25, 8, 'Agosto', 2010, 312, '2013-11-04'),
(25, 6, 'Agosto', 2011, 110, '2014-07-03'),
(25, 8, 'Agosto', 2012, 116, '2014-04-12'),
(25, 5, 'Agosto', 2013, 153, '2013-08-31'),
(25, 7, 'Agosto', 2014, 315, '2014-05-16'),
(25, 3, 'Agosto', 2015, 114, '2015-03-28'),
(25, 6, 'Julio', 2010, 126, '2014-09-08'),
(25, 4, 'Julio', 2011, 190, '2015-01-26'),
(25, 1, 'Julio', 2012, 172, '2015-01-11'),
(25, 8, 'Julio', 2013, 189, '2014-06-14'),
(25, 7, 'Julio', 2014, 329, '2015-05-04'),
(25, 7, 'Julio', 2015, 377, '2014-05-02'),
(25, 10, 'Junio', 2010, 199, '2015-04-21'),
(25, 4, 'Junio', 2011, 363, '2014-11-29'),
(25, 7, 'Junio', 2012, 219, '2014-03-22'),
(25, 1, 'Junio', 2013, 205, '2015-06-20'),
(25, 9, 'Junio', 2014, 270, '2015-07-04'),
(25, 4, 'Junio', 2015, 335, '2015-08-10'),
(25, 8, 'Mayo', 2010, 163, '2014-12-17'),
(25, 8, 'Mayo', 2011, 311, '2015-02-09'),
(25, 4, 'Mayo', 2012, 367, '2015-01-16'),
(25, 7, 'Mayo', 2013, 201, '2014-07-13'),
(25, 9, 'Mayo', 2014, 106, '2014-10-29'),
(25, 3, 'Mayo', 2015, 129, '2014-12-22'),
(25, 9, 'Noviembre', 2010, 226, '2015-01-25'),
(25, 10, 'Noviembre', 2011, 341, '2015-03-10'),
(25, 8, 'Noviembre', 2012, 329, '2014-02-11'),
(25, 1, 'Noviembre', 2013, 218, '2014-11-19'),
(25, 3, 'Noviembre', 2014, 307, '2015-07-06'),
(25, 8, 'Octubre', 2010, 180, '2013-10-12'),
(25, 2, 'Octubre', 2011, 259, '2014-10-02'),
(25, 4, 'Octubre', 2012, 354, '2014-02-17'),
(25, 7, 'Octubre', 2013, 292, '2014-10-04'),
(25, 7, 'Octubre', 2014, 297, '2013-10-07'),
(25, 6, 'Octubre', 2015, 210, '2014-01-04'),
(25, 5, 'Septiembre', 2010, 358, '2013-08-17'),
(25, 10, 'Septiembre', 2011, 160, '2015-05-24'),
(25, 8, 'Septiembre', 2012, 230, '2014-10-10'),
(25, 9, 'Septiembre', 2013, 267, '2013-11-25'),
(25, 6, 'Septiembre', 2014, 246, '2015-05-19'),
(25, 7, 'Septiembre', 2015, 329, '2015-01-20'),
(26, 10, 'Abril', 2010, 205, '2015-03-30'),
(26, 9, 'Abril', 2011, 240, '2015-02-18'),
(26, 7, 'Abril', 2012, 186, '2013-10-29'),
(26, 7, 'Abril', 2013, 111, '2015-02-18'),
(26, 2, 'Abril', 2014, 199, '2014-09-08'),
(26, 1, 'Abril', 2015, 262, '2013-11-07'),
(26, 9, 'Agosto', 2010, 309, '2014-01-31'),
(26, 9, 'Agosto', 2011, 361, '2014-09-10'),
(26, 7, 'Agosto', 2012, 176, '2014-03-29'),
(26, 6, 'Agosto', 2013, 301, '2014-04-04'),
(26, 8, 'Agosto', 2014, 273, '2014-06-10'),
(26, 4, 'Agosto', 2015, 362, '2015-09-10'),
(26, 8, 'Julio', 2010, 291, '2014-09-19'),
(26, 4, 'Julio', 2011, 268, '2015-01-25'),
(26, 1, 'Julio', 2012, 367, '2014-01-11'),
(26, 8, 'Julio', 2013, 332, '2015-08-19'),
(26, 6, 'Julio', 2014, 157, '2014-01-08'),
(26, 6, 'Julio', 2015, 290, '2015-02-09'),
(26, 1, 'Junio', 2010, 278, '2015-09-04'),
(26, 4, 'Junio', 2011, 118, '2013-10-03'),
(26, 1, 'Junio', 2012, 259, '2014-07-06'),
(26, 5, 'Junio', 2013, 242, '2015-02-07'),
(26, 2, 'Junio', 2014, 330, '2013-07-31'),
(26, 6, 'Junio', 2015, 225, '2013-10-03'),
(26, 9, 'Mayo', 2010, 338, '2014-06-04'),
(26, 2, 'Mayo', 2011, 310, '2015-03-07'),
(26, 2, 'Mayo', 2012, 137, '2015-06-06'),
(26, 10, 'Mayo', 2013, 259, '2015-02-11'),
(26, 1, 'Mayo', 2014, 182, '2013-11-10'),
(26, 4, 'Mayo', 2015, 334, '2014-01-16'),
(26, 10, 'Noviembre', 2010, 121, '2013-12-09'),
(26, 5, 'Noviembre', 2011, 107, '2014-07-19'),
(26, 7, 'Noviembre', 2012, 372, '2015-03-03'),
(26, 7, 'Noviembre', 2013, 235, '2015-09-25'),
(26, 2, 'Noviembre', 2014, 262, '2015-08-21'),
(26, 3, 'Octubre', 2010, 125, '2013-07-29'),
(26, 5, 'Octubre', 2011, 221, '2014-01-16'),
(26, 3, 'Octubre', 2012, 330, '2015-07-14'),
(26, 3, 'Octubre', 2013, 285, '2014-09-07'),
(26, 10, 'Octubre', 2014, 337, '2013-11-23'),
(26, 9, 'Octubre', 2015, 127, '2015-04-08'),
(26, 5, 'Septiembre', 2010, 126, '2014-08-14'),
(26, 5, 'Septiembre', 2011, 151, '2013-09-30'),
(26, 7, 'Septiembre', 2012, 276, '2014-01-16'),
(26, 10, 'Septiembre', 2013, 226, '2015-03-20'),
(26, 7, 'Septiembre', 2014, 203, '2015-07-11'),
(26, 4, 'Septiembre', 2015, 239, '2015-03-23'),
(27, 9, 'Abril', 2010, 186, '2015-05-07'),
(27, 1, 'Abril', 2011, 111, '2013-10-10'),
(27, 1, 'Abril', 2012, 198, '2014-02-08'),
(27, 7, 'Abril', 2013, 259, '2015-01-22'),
(27, 4, 'Abril', 2014, 299, '2014-05-20'),
(27, 3, 'Abril', 2015, 318, '2015-09-04'),
(27, 7, 'Agosto', 2010, 291, '2014-09-15'),
(27, 9, 'Agosto', 2011, 102, '2014-07-15');
INSERT INTO `Pagos` (`ID_Alumno`, `ID_Empleado`, `Mes`, `Año`, `Importe`, `Fecha_Pago`) VALUES
(27, 3, 'Agosto', 2012, 140, '2015-06-14'),
(27, 3, 'Agosto', 2013, 296, '2014-07-10'),
(27, 2, 'Agosto', 2014, 356, '2014-02-28'),
(27, 9, 'Agosto', 2015, 190, '2014-08-04'),
(27, 4, 'Julio', 2010, 386, '2015-07-16'),
(27, 4, 'Julio', 2011, 358, '2014-11-08'),
(27, 3, 'Julio', 2012, 230, '2014-03-08'),
(27, 10, 'Julio', 2013, 280, '2014-01-21'),
(27, 4, 'Julio', 2014, 309, '2015-05-02'),
(27, 3, 'Julio', 2015, 302, '2013-09-20'),
(27, 4, 'Junio', 2010, 184, '2014-11-21'),
(27, 3, 'Junio', 2011, 216, '2013-07-28'),
(27, 2, 'Junio', 2012, 126, '2014-06-12'),
(27, 6, 'Junio', 2013, 184, '2014-12-11'),
(27, 5, 'Junio', 2014, 141, '2013-07-19'),
(27, 2, 'Junio', 2015, 357, '2015-06-12'),
(27, 3, 'Mayo', 2010, 358, '2015-07-29'),
(27, 2, 'Mayo', 2011, 317, '2013-12-09'),
(27, 8, 'Mayo', 2012, 113, '2014-07-21'),
(27, 6, 'Mayo', 2013, 114, '2013-07-18'),
(27, 10, 'Mayo', 2014, 133, '2014-12-06'),
(27, 10, 'Mayo', 2015, 222, '2014-12-31'),
(27, 10, 'Noviembre', 2010, 313, '2015-07-24'),
(27, 10, 'Noviembre', 2011, 198, '2015-03-26'),
(27, 3, 'Noviembre', 2012, 252, '2015-03-31'),
(27, 4, 'Noviembre', 2013, 265, '2014-05-01'),
(27, 5, 'Noviembre', 2014, 168, '2015-04-28'),
(27, 6, 'Octubre', 2010, 321, '2015-06-02'),
(27, 1, 'Octubre', 2011, 170, '2013-09-28'),
(27, 8, 'Octubre', 2012, 391, '2013-10-23'),
(27, 7, 'Octubre', 2013, 139, '2014-04-13'),
(27, 8, 'Octubre', 2014, 327, '2014-11-17'),
(27, 2, 'Octubre', 2015, 217, '2014-12-10'),
(27, 6, 'Septiembre', 2010, 302, '2015-09-08'),
(27, 6, 'Septiembre', 2011, 159, '2013-10-13'),
(27, 4, 'Septiembre', 2012, 391, '2014-04-20'),
(27, 6, 'Septiembre', 2013, 174, '2015-02-07'),
(27, 8, 'Septiembre', 2014, 201, '2014-12-18'),
(27, 10, 'Septiembre', 2015, 381, '2014-11-13'),
(28, 3, 'Abril', 2010, 300, '2014-01-31'),
(28, 5, 'Abril', 2011, 260, '2014-12-01'),
(28, 1, 'Abril', 2012, 299, '2014-08-09'),
(28, 2, 'Abril', 2013, 314, '2015-05-08'),
(28, 9, 'Abril', 2014, 275, '2015-06-23'),
(28, 4, 'Abril', 2015, 332, '2014-02-19'),
(28, 10, 'Agosto', 2010, 133, '2014-11-20'),
(28, 8, 'Agosto', 2011, 170, '2014-06-18'),
(28, 6, 'Agosto', 2012, 355, '2015-08-30'),
(28, 4, 'Agosto', 2013, 260, '2013-09-16'),
(28, 2, 'Agosto', 2014, 134, '2015-07-09'),
(28, 2, 'Agosto', 2015, 395, '2013-11-26'),
(28, 7, 'Julio', 2010, 271, '2014-10-22'),
(28, 6, 'Julio', 2011, 368, '2013-11-30'),
(28, 7, 'Julio', 2012, 327, '2015-09-08'),
(28, 8, 'Julio', 2013, 131, '2015-02-20'),
(28, 10, 'Julio', 2014, 176, '2015-05-09'),
(28, 6, 'Julio', 2015, 387, '2014-05-17'),
(28, 6, 'Junio', 2010, 102, '2015-03-15'),
(28, 9, 'Junio', 2011, 156, '2015-09-25'),
(28, 2, 'Junio', 2012, 371, '2014-09-01'),
(28, 1, 'Junio', 2013, 386, '2013-09-05'),
(28, 3, 'Junio', 2014, 116, '2013-09-20'),
(28, 7, 'Junio', 2015, 225, '2015-05-10'),
(28, 5, 'Mayo', 2010, 375, '2013-11-03'),
(28, 2, 'Mayo', 2011, 199, '2013-09-05'),
(28, 5, 'Mayo', 2012, 370, '2014-02-28'),
(28, 7, 'Mayo', 2013, 253, '2015-06-05'),
(28, 10, 'Mayo', 2014, 355, '2013-12-10'),
(28, 5, 'Mayo', 2015, 317, '2014-05-19'),
(28, 6, 'Noviembre', 2010, 119, '2015-04-28'),
(28, 1, 'Noviembre', 2011, 146, '2014-05-03'),
(28, 9, 'Noviembre', 2012, 275, '2013-08-31'),
(28, 2, 'Noviembre', 2013, 234, '2014-12-13'),
(28, 9, 'Noviembre', 2014, 247, '2015-05-23'),
(28, 6, 'Octubre', 2010, 113, '2013-11-29'),
(28, 7, 'Octubre', 2011, 377, '2015-01-20'),
(28, 7, 'Octubre', 2012, 240, '2014-12-03'),
(28, 1, 'Octubre', 2013, 270, '2015-02-23'),
(28, 5, 'Octubre', 2014, 232, '2014-10-20'),
(28, 1, 'Septiembre', 2010, 154, '2014-10-21'),
(28, 3, 'Septiembre', 2011, 221, '2015-04-18'),
(28, 4, 'Septiembre', 2012, 243, '2014-05-14'),
(28, 8, 'Septiembre', 2013, 150, '2014-08-19'),
(28, 4, 'Septiembre', 2014, 223, '2014-11-07'),
(28, 9, 'Septiembre', 2015, 265, '2014-04-13'),
(29, 3, 'Abril', 2010, 256, '2015-07-17'),
(29, 6, 'Abril', 2011, 385, '2014-06-14'),
(29, 10, 'Abril', 2012, 156, '2014-09-02'),
(29, 9, 'Abril', 2013, 127, '2015-09-14'),
(29, 3, 'Abril', 2014, 368, '2015-09-21'),
(29, 10, 'Abril', 2015, 154, '2015-07-12'),
(29, 6, 'Agosto', 2010, 168, '2015-08-04'),
(29, 2, 'Agosto', 2011, 281, '2013-12-31'),
(29, 7, 'Agosto', 2012, 197, '2014-06-21'),
(29, 2, 'Agosto', 2013, 345, '2014-02-13'),
(29, 6, 'Agosto', 2014, 130, '2014-11-23'),
(29, 1, 'Agosto', 2015, 118, '2014-02-21'),
(29, 5, 'Julio', 2010, 400, '2013-11-09'),
(29, 9, 'Julio', 2011, 342, '2013-11-05'),
(29, 6, 'Julio', 2012, 111, '2014-01-11'),
(29, 10, 'Julio', 2013, 332, '2015-09-25'),
(29, 3, 'Julio', 2014, 325, '2013-07-22'),
(29, 6, 'Julio', 2015, 228, '2014-07-18'),
(29, 2, 'Junio', 2010, 367, '2014-06-19'),
(29, 9, 'Junio', 2011, 149, '2013-09-13'),
(29, 9, 'Junio', 2012, 144, '2014-05-21'),
(29, 8, 'Junio', 2013, 175, '2015-05-18'),
(29, 5, 'Junio', 2014, 344, '2014-10-18'),
(29, 2, 'Junio', 2015, 191, '2013-11-16'),
(29, 6, 'Mayo', 2010, 127, '2015-05-05'),
(29, 9, 'Mayo', 2011, 263, '2014-05-31'),
(29, 2, 'Mayo', 2012, 232, '2014-12-01'),
(29, 10, 'Mayo', 2013, 272, '2014-07-19'),
(29, 7, 'Mayo', 2014, 262, '2015-02-28'),
(29, 4, 'Mayo', 2015, 397, '2014-12-26'),
(29, 7, 'Noviembre', 2010, 195, '2014-02-13'),
(29, 6, 'Noviembre', 2011, 288, '2015-03-22'),
(29, 2, 'Noviembre', 2012, 154, '2013-11-23'),
(29, 8, 'Noviembre', 2013, 108, '2013-11-25'),
(29, 3, 'Noviembre', 2014, 279, '2015-02-19'),
(29, 7, 'Octubre', 2010, 305, '2015-01-12'),
(29, 4, 'Octubre', 2011, 321, '2014-08-24'),
(29, 8, 'Octubre', 2012, 290, '2015-06-14'),
(29, 5, 'Octubre', 2013, 388, '2013-09-21'),
(29, 4, 'Octubre', 2014, 369, '2013-09-09'),
(29, 7, 'Septiembre', 2010, 185, '2015-07-06'),
(29, 8, 'Septiembre', 2011, 292, '2013-07-20'),
(29, 4, 'Septiembre', 2012, 202, '2015-09-04'),
(29, 4, 'Septiembre', 2013, 337, '2015-03-03'),
(29, 4, 'Septiembre', 2014, 377, '2013-09-19'),
(29, 3, 'Septiembre', 2015, 172, '2014-03-15'),
(30, 7, 'Abril', 2010, 232, '2013-09-09'),
(30, 10, 'Abril', 2011, 242, '2014-09-11'),
(30, 9, 'Abril', 2012, 116, '2014-02-17'),
(30, 8, 'Abril', 2013, 357, '2014-01-15'),
(30, 1, 'Abril', 2014, 132, '2015-06-17'),
(30, 1, 'Abril', 2015, 393, '2015-06-18'),
(30, 8, 'Agosto', 2010, 265, '2013-12-30'),
(30, 8, 'Agosto', 2011, 348, '2014-07-04'),
(30, 5, 'Agosto', 2012, 242, '2014-11-10'),
(30, 1, 'Agosto', 2013, 367, '2014-01-07'),
(30, 10, 'Agosto', 2014, 110, '2013-11-25'),
(30, 6, 'Agosto', 2015, 249, '2013-11-20'),
(30, 2, 'Julio', 2010, 216, '2013-10-03'),
(30, 2, 'Julio', 2011, 231, '2015-03-18'),
(30, 8, 'Julio', 2012, 106, '2013-12-13'),
(30, 1, 'Julio', 2013, 339, '2014-04-03'),
(30, 2, 'Julio', 2014, 378, '2015-07-31'),
(30, 10, 'Julio', 2015, 168, '2014-10-03'),
(30, 3, 'Junio', 2010, 210, '2014-09-28'),
(30, 6, 'Junio', 2011, 147, '2013-09-29'),
(30, 7, 'Junio', 2012, 305, '2014-11-06'),
(30, 7, 'Junio', 2013, 381, '2013-12-20'),
(30, 3, 'Junio', 2014, 288, '2014-06-29'),
(30, 10, 'Junio', 2015, 201, '2014-06-09'),
(30, 5, 'Mayo', 2010, 339, '2013-09-03'),
(30, 10, 'Mayo', 2011, 392, '2014-05-03'),
(30, 9, 'Mayo', 2012, 240, '2014-05-31'),
(30, 4, 'Mayo', 2013, 226, '2015-08-13'),
(30, 2, 'Mayo', 2014, 310, '2015-09-14'),
(30, 10, 'Mayo', 2015, 171, '2014-03-20'),
(30, 3, 'Noviembre', 2010, 127, '2013-11-16'),
(30, 5, 'Noviembre', 2011, 324, '2015-07-17'),
(30, 1, 'Noviembre', 2012, 235, '2015-06-05'),
(30, 6, 'Noviembre', 2013, 104, '2013-10-06'),
(30, 3, 'Noviembre', 2014, 316, '2015-06-15'),
(30, 9, 'Octubre', 2010, 295, '2014-10-08'),
(30, 7, 'Octubre', 2011, 267, '2014-05-28'),
(30, 7, 'Octubre', 2012, 350, '2014-04-19'),
(30, 4, 'Octubre', 2013, 249, '2015-08-20'),
(30, 8, 'Octubre', 2014, 398, '2013-07-22'),
(30, 1, 'Octubre', 2015, 239, '2015-02-11'),
(30, 1, 'Septiembre', 2010, 201, '2014-06-13'),
(30, 8, 'Septiembre', 2011, 190, '2013-10-25'),
(30, 10, 'Septiembre', 2012, 248, '2015-03-25'),
(30, 5, 'Septiembre', 2013, 267, '2014-01-09'),
(30, 10, 'Septiembre', 2014, 192, '2015-04-08'),
(30, 2, 'Septiembre', 2015, 359, '2013-09-05'),
(31, 9, 'Abril', 2010, 218, '2014-12-26'),
(31, 3, 'Abril', 2011, 212, '2014-06-12'),
(31, 2, 'Abril', 2012, 309, '2013-12-22'),
(31, 6, 'Abril', 2013, 208, '2015-01-01'),
(31, 2, 'Abril', 2014, 316, '2015-06-23'),
(31, 5, 'Abril', 2015, 251, '2014-11-13'),
(31, 6, 'Agosto', 2010, 210, '2015-03-09'),
(31, 9, 'Agosto', 2011, 198, '2014-01-19'),
(31, 8, 'Agosto', 2012, 258, '2014-03-18'),
(31, 7, 'Agosto', 2013, 298, '2013-10-14'),
(31, 10, 'Agosto', 2014, 315, '2014-10-21'),
(31, 10, 'Agosto', 2015, 281, '2013-10-08'),
(31, 10, 'Julio', 2010, 362, '2015-05-20'),
(31, 7, 'Julio', 2011, 262, '2015-09-23'),
(31, 7, 'Julio', 2012, 127, '2013-09-21'),
(31, 1, 'Julio', 2013, 350, '2015-01-02'),
(31, 5, 'Julio', 2014, 367, '2013-10-10'),
(31, 1, 'Julio', 2015, 386, '2014-08-20'),
(31, 9, 'Junio', 2010, 128, '2015-06-04'),
(31, 8, 'Junio', 2011, 287, '2015-07-06'),
(31, 1, 'Junio', 2012, 346, '2015-01-02'),
(31, 10, 'Junio', 2013, 167, '2013-10-22'),
(31, 5, 'Junio', 2014, 301, '2015-01-19'),
(31, 4, 'Junio', 2015, 301, '2015-04-07'),
(31, 4, 'Mayo', 2010, 204, '2013-11-05'),
(31, 9, 'Mayo', 2011, 319, '2013-09-11'),
(31, 3, 'Mayo', 2012, 280, '2015-05-23'),
(31, 7, 'Mayo', 2013, 345, '2014-09-16'),
(31, 7, 'Mayo', 2014, 184, '2015-03-09'),
(31, 8, 'Mayo', 2015, 386, '2014-10-20'),
(31, 7, 'Noviembre', 2010, 376, '2014-09-22'),
(31, 6, 'Noviembre', 2011, 319, '2013-10-03'),
(31, 10, 'Noviembre', 2012, 371, '2013-12-14'),
(31, 4, 'Noviembre', 2013, 195, '2014-03-30'),
(31, 1, 'Noviembre', 2014, 366, '2014-08-23'),
(31, 6, 'Octubre', 2010, 314, '2014-10-29'),
(31, 6, 'Octubre', 2011, 141, '2014-02-20'),
(31, 6, 'Octubre', 2012, 265, '2015-09-11'),
(31, 6, 'Octubre', 2013, 201, '2013-12-25'),
(31, 7, 'Octubre', 2014, 110, '2014-09-10'),
(31, 4, 'Octubre', 2015, 149, '2014-08-31'),
(31, 7, 'Septiembre', 2010, 315, '2013-07-24'),
(31, 5, 'Septiembre', 2011, 125, '2015-06-15'),
(31, 5, 'Septiembre', 2012, 184, '2014-08-14'),
(31, 3, 'Septiembre', 2013, 145, '2015-01-28'),
(31, 1, 'Septiembre', 2014, 374, '2015-03-03'),
(31, 5, 'Septiembre', 2015, 132, '2014-06-19'),
(32, 7, 'Abril', 2010, 342, '2014-10-24'),
(32, 6, 'Abril', 2011, 310, '2014-11-11'),
(32, 8, 'Abril', 2012, 126, '2014-10-07'),
(32, 10, 'Abril', 2013, 201, '2014-04-18'),
(32, 5, 'Abril', 2014, 229, '2014-04-27'),
(32, 7, 'Abril', 2015, 138, '2013-09-02'),
(32, 6, 'Agosto', 2010, 206, '2015-08-26'),
(32, 7, 'Agosto', 2011, 215, '2014-12-03'),
(32, 7, 'Agosto', 2012, 360, '2014-06-27'),
(32, 9, 'Agosto', 2013, 149, '2014-08-05'),
(32, 8, 'Agosto', 2014, 170, '2014-12-31'),
(32, 4, 'Agosto', 2015, 303, '2014-01-17'),
(32, 4, 'Julio', 2010, 303, '2014-01-31'),
(32, 10, 'Julio', 2011, 205, '2015-02-08'),
(32, 2, 'Julio', 2012, 320, '2014-04-09'),
(32, 3, 'Julio', 2013, 283, '2014-02-18'),
(32, 5, 'Julio', 2014, 353, '2014-10-16'),
(32, 4, 'Julio', 2015, 216, '2014-03-31'),
(32, 10, 'Junio', 2010, 220, '2014-12-01'),
(32, 3, 'Junio', 2011, 355, '2015-06-14'),
(32, 8, 'Junio', 2012, 112, '2015-03-17'),
(32, 7, 'Junio', 2013, 300, '2013-12-30'),
(32, 4, 'Junio', 2014, 160, '2013-08-05'),
(32, 4, 'Junio', 2015, 102, '2014-01-17'),
(32, 10, 'Mayo', 2010, 233, '2014-12-26'),
(32, 6, 'Mayo', 2011, 158, '2014-01-30'),
(32, 8, 'Mayo', 2012, 293, '2015-07-06'),
(32, 2, 'Mayo', 2013, 289, '2014-01-07'),
(32, 3, 'Mayo', 2014, 166, '2013-10-15'),
(32, 7, 'Mayo', 2015, 164, '2013-09-25'),
(32, 2, 'Noviembre', 2010, 223, '2015-04-21'),
(32, 4, 'Noviembre', 2011, 223, '2015-07-22'),
(32, 8, 'Noviembre', 2012, 344, '2015-04-15'),
(32, 3, 'Noviembre', 2013, 353, '2015-07-09'),
(32, 9, 'Noviembre', 2014, 330, '2014-12-23'),
(32, 9, 'Octubre', 2010, 171, '2014-03-22'),
(32, 5, 'Octubre', 2011, 179, '2015-06-16'),
(32, 4, 'Octubre', 2012, 285, '2014-09-16'),
(32, 8, 'Octubre', 2013, 184, '2015-08-05'),
(32, 9, 'Octubre', 2014, 269, '2014-09-03'),
(32, 8, 'Octubre', 2015, 391, '2013-08-02'),
(32, 6, 'Septiembre', 2010, 146, '2015-01-02'),
(32, 10, 'Septiembre', 2011, 360, '2014-02-11'),
(32, 9, 'Septiembre', 2012, 361, '2015-05-11'),
(32, 4, 'Septiembre', 2013, 325, '2014-02-03'),
(32, 7, 'Septiembre', 2014, 141, '2014-12-19'),
(32, 3, 'Septiembre', 2015, 234, '2013-11-20'),
(33, 10, 'Abril', 2010, 343, '2015-02-11'),
(33, 4, 'Abril', 2011, 315, '2015-07-31'),
(33, 3, 'Abril', 2012, 144, '2013-07-30'),
(33, 2, 'Abril', 2013, 278, '2013-11-20'),
(33, 3, 'Abril', 2014, 255, '2013-10-05'),
(33, 7, 'Abril', 2015, 342, '2015-03-17'),
(33, 2, 'Agosto', 2010, 243, '2013-10-27'),
(33, 10, 'Agosto', 2011, 389, '2015-01-12'),
(33, 6, 'Agosto', 2012, 215, '2015-07-16'),
(33, 3, 'Agosto', 2013, 108, '2014-09-10'),
(33, 9, 'Agosto', 2014, 400, '2014-05-08'),
(33, 10, 'Agosto', 2015, 370, '2014-02-15'),
(33, 1, 'Julio', 2010, 250, '2014-11-02'),
(33, 1, 'Julio', 2011, 342, '2014-08-20'),
(33, 8, 'Julio', 2012, 258, '2015-06-19'),
(33, 8, 'Julio', 2013, 163, '2015-02-27'),
(33, 8, 'Julio', 2014, 243, '2014-01-23'),
(33, 8, 'Julio', 2015, 327, '2013-09-05'),
(33, 10, 'Junio', 2010, 205, '2014-07-02'),
(33, 8, 'Junio', 2011, 246, '2015-06-18'),
(33, 4, 'Junio', 2012, 214, '2014-03-04'),
(33, 9, 'Junio', 2013, 232, '2014-02-02'),
(33, 6, 'Junio', 2014, 120, '2014-02-08'),
(33, 7, 'Junio', 2015, 102, '2015-05-11'),
(33, 1, 'Mayo', 2010, 352, '2014-07-29'),
(33, 4, 'Mayo', 2011, 149, '2015-08-27'),
(33, 2, 'Mayo', 2012, 194, '2014-05-25'),
(33, 6, 'Mayo', 2013, 122, '2013-12-02'),
(33, 5, 'Mayo', 2014, 229, '2013-12-10'),
(33, 6, 'Mayo', 2015, 381, '2015-07-26'),
(33, 1, 'Noviembre', 2010, 213, '2013-12-02'),
(33, 5, 'Noviembre', 2011, 125, '2014-08-13'),
(33, 6, 'Noviembre', 2012, 187, '2014-10-04'),
(33, 6, 'Noviembre', 2013, 161, '2013-09-29'),
(33, 10, 'Noviembre', 2014, 141, '2014-04-27'),
(33, 3, 'Octubre', 2010, 107, '2014-03-28'),
(33, 7, 'Octubre', 2011, 358, '2013-07-26'),
(33, 8, 'Octubre', 2012, 168, '2014-04-24'),
(33, 6, 'Octubre', 2013, 265, '2015-03-28'),
(33, 2, 'Octubre', 2014, 121, '2014-04-30'),
(33, 2, 'Octubre', 2015, 311, '2015-04-01'),
(33, 8, 'Septiembre', 2010, 192, '2015-07-05'),
(33, 5, 'Septiembre', 2011, 228, '2014-04-17'),
(33, 3, 'Septiembre', 2012, 162, '2013-10-02'),
(33, 6, 'Septiembre', 2013, 329, '2014-05-25'),
(33, 6, 'Septiembre', 2014, 154, '2014-10-27'),
(33, 1, 'Septiembre', 2015, 289, '2013-10-18'),
(34, 1, 'Abril', 2010, 278, '2015-07-18'),
(34, 8, 'Abril', 2011, 125, '2014-10-19'),
(34, 2, 'Abril', 2012, 293, '2013-12-03'),
(34, 1, 'Abril', 2013, 387, '2014-06-26'),
(34, 10, 'Abril', 2014, 357, '2014-12-03'),
(34, 8, 'Abril', 2015, 222, '2015-04-03'),
(34, 10, 'Agosto', 2010, 239, '2014-05-06'),
(34, 3, 'Agosto', 2011, 129, '2014-07-10'),
(34, 1, 'Agosto', 2012, 129, '2015-06-09'),
(34, 4, 'Agosto', 2013, 158, '2013-09-26'),
(34, 4, 'Agosto', 2014, 306, '2015-01-09'),
(34, 4, 'Agosto', 2015, 353, '2015-01-10'),
(34, 8, 'Julio', 2010, 148, '2013-09-29'),
(34, 5, 'Julio', 2011, 181, '2014-06-24'),
(34, 8, 'Julio', 2012, 362, '2014-11-29'),
(34, 5, 'Julio', 2013, 264, '2014-06-21'),
(34, 4, 'Julio', 2014, 137, '2015-08-17'),
(34, 9, 'Julio', 2015, 393, '2014-11-14'),
(34, 10, 'Junio', 2010, 252, '2014-05-07'),
(34, 9, 'Junio', 2011, 282, '2013-11-04'),
(34, 9, 'Junio', 2012, 255, '2013-08-01'),
(34, 5, 'Junio', 2013, 328, '2015-02-25'),
(34, 4, 'Junio', 2014, 175, '2014-01-15'),
(34, 10, 'Junio', 2015, 392, '2014-05-19'),
(34, 8, 'Mayo', 2010, 133, '2015-04-04'),
(34, 5, 'Mayo', 2011, 291, '2013-11-01'),
(34, 4, 'Mayo', 2012, 353, '2014-10-07'),
(34, 3, 'Mayo', 2013, 192, '2013-07-20'),
(34, 2, 'Mayo', 2014, 103, '2013-12-27'),
(34, 1, 'Mayo', 2015, 141, '2014-01-03'),
(34, 10, 'Noviembre', 2010, 295, '2014-10-29'),
(34, 2, 'Noviembre', 2011, 350, '2015-09-19'),
(34, 3, 'Noviembre', 2012, 162, '2014-10-12'),
(34, 5, 'Noviembre', 2013, 266, '2014-05-30'),
(34, 1, 'Noviembre', 2014, 139, '2014-06-06'),
(34, 8, 'Octubre', 2010, 287, '2014-08-21'),
(34, 9, 'Octubre', 2011, 133, '2015-08-18'),
(34, 1, 'Octubre', 2012, 304, '2015-02-02'),
(34, 6, 'Octubre', 2013, 120, '2015-02-21'),
(34, 1, 'Octubre', 2014, 192, '2014-04-19'),
(34, 3, 'Octubre', 2015, 197, '2015-05-31'),
(34, 3, 'Septiembre', 2010, 311, '2015-03-13'),
(34, 9, 'Septiembre', 2011, 264, '2015-03-14'),
(34, 6, 'Septiembre', 2012, 285, '2013-08-30'),
(34, 1, 'Septiembre', 2013, 232, '2015-08-13'),
(34, 7, 'Septiembre', 2014, 207, '2013-11-10'),
(34, 5, 'Septiembre', 2015, 241, '2015-09-20'),
(35, 8, 'Abril', 2010, 183, '2015-04-19'),
(35, 2, 'Abril', 2011, 393, '2015-01-26'),
(35, 8, 'Abril', 2012, 111, '2013-09-29'),
(35, 1, 'Abril', 2013, 182, '2014-09-29'),
(35, 8, 'Abril', 2014, 174, '2014-04-27'),
(35, 8, 'Abril', 2015, 227, '2014-11-12'),
(35, 2, 'Agosto', 2010, 212, '2014-10-04'),
(35, 1, 'Agosto', 2011, 279, '2015-08-03'),
(35, 9, 'Agosto', 2012, 359, '2015-02-20'),
(35, 6, 'Agosto', 2013, 258, '2013-09-03'),
(35, 7, 'Agosto', 2014, 110, '2013-09-12'),
(35, 6, 'Agosto', 2015, 281, '2013-09-12'),
(35, 7, 'Julio', 2010, 371, '2015-01-03'),
(35, 7, 'Julio', 2011, 314, '2015-02-11'),
(35, 10, 'Julio', 2012, 354, '2014-02-21'),
(35, 3, 'Julio', 2013, 130, '2014-07-22'),
(35, 3, 'Julio', 2014, 388, '2014-11-05'),
(35, 9, 'Julio', 2015, 249, '2013-08-22'),
(35, 2, 'Junio', 2010, 280, '2015-08-10'),
(35, 10, 'Junio', 2011, 253, '2014-03-11'),
(35, 1, 'Junio', 2012, 327, '2014-02-05'),
(35, 9, 'Junio', 2013, 173, '2014-02-18'),
(35, 5, 'Junio', 2014, 386, '2015-02-06'),
(35, 1, 'Junio', 2015, 109, '2014-11-13'),
(35, 2, 'Mayo', 2010, 188, '2013-09-30'),
(35, 3, 'Mayo', 2011, 215, '2013-10-16'),
(35, 6, 'Mayo', 2012, 111, '2014-09-02'),
(35, 4, 'Mayo', 2013, 110, '2013-09-21'),
(35, 4, 'Mayo', 2014, 118, '2014-12-09'),
(35, 6, 'Mayo', 2015, 159, '2015-03-26'),
(35, 3, 'Noviembre', 2010, 341, '2014-02-21'),
(35, 5, 'Noviembre', 2011, 225, '2013-08-09'),
(35, 10, 'Noviembre', 2012, 303, '2015-07-15'),
(35, 5, 'Noviembre', 2013, 138, '2015-08-03'),
(35, 8, 'Noviembre', 2014, 286, '2013-11-18'),
(35, 5, 'Octubre', 2010, 307, '2015-01-28'),
(35, 7, 'Octubre', 2011, 194, '2014-02-21'),
(35, 10, 'Octubre', 2012, 253, '2015-08-07'),
(35, 6, 'Octubre', 2013, 280, '2014-12-05'),
(35, 1, 'Octubre', 2014, 244, '2014-02-19'),
(35, 1, 'Septiembre', 2010, 253, '2013-12-16'),
(35, 6, 'Septiembre', 2011, 336, '2015-07-09'),
(35, 5, 'Septiembre', 2012, 220, '2013-08-04'),
(35, 4, 'Septiembre', 2013, 294, '2014-05-24'),
(35, 9, 'Septiembre', 2014, 109, '2014-07-04'),
(35, 9, 'Septiembre', 2015, 163, '2015-01-09'),
(36, 6, 'Abril', 2010, 391, '2013-11-02'),
(36, 7, 'Abril', 2011, 162, '2015-09-11'),
(36, 7, 'Abril', 2012, 138, '2015-08-31'),
(36, 6, 'Abril', 2013, 107, '2015-09-04'),
(36, 9, 'Abril', 2014, 320, '2015-02-06'),
(36, 3, 'Abril', 2015, 279, '2014-10-25'),
(36, 4, 'Agosto', 2010, 333, '2013-08-19'),
(36, 6, 'Agosto', 2011, 126, '2015-04-22'),
(36, 1, 'Agosto', 2012, 135, '2014-01-12'),
(36, 2, 'Agosto', 2013, 199, '2013-10-20'),
(36, 10, 'Agosto', 2014, 189, '2014-06-17'),
(36, 10, 'Agosto', 2015, 250, '2014-03-08'),
(36, 2, 'Julio', 2010, 279, '2013-08-05'),
(36, 10, 'Julio', 2011, 246, '2014-01-25'),
(36, 10, 'Julio', 2012, 293, '2014-08-06'),
(36, 5, 'Julio', 2013, 329, '2013-08-24'),
(36, 2, 'Julio', 2014, 363, '2015-04-12'),
(36, 10, 'Julio', 2015, 128, '2013-10-22'),
(36, 5, 'Junio', 2010, 353, '2015-04-24'),
(36, 3, 'Junio', 2011, 381, '2013-11-21'),
(36, 1, 'Junio', 2012, 144, '2015-05-18'),
(36, 9, 'Junio', 2013, 378, '2015-02-04'),
(36, 2, 'Junio', 2014, 158, '2013-09-15'),
(36, 1, 'Junio', 2015, 155, '2015-06-12'),
(36, 8, 'Mayo', 2010, 203, '2015-07-26'),
(36, 4, 'Mayo', 2011, 151, '2013-12-22'),
(36, 3, 'Mayo', 2012, 346, '2015-04-06'),
(36, 1, 'Mayo', 2013, 274, '2014-07-23'),
(36, 1, 'Mayo', 2014, 233, '2015-06-27'),
(36, 10, 'Mayo', 2015, 244, '2014-07-14'),
(36, 4, 'Noviembre', 2010, 120, '2015-08-25'),
(36, 7, 'Noviembre', 2011, 371, '2015-05-06'),
(36, 2, 'Noviembre', 2012, 189, '2015-05-18'),
(36, 9, 'Noviembre', 2013, 337, '2015-03-26'),
(36, 6, 'Noviembre', 2014, 116, '2013-08-16'),
(36, 3, 'Octubre', 2010, 209, '2015-03-21'),
(36, 2, 'Octubre', 2011, 131, '2013-09-26'),
(36, 1, 'Octubre', 2012, 230, '2014-06-25'),
(36, 9, 'Octubre', 2013, 356, '2015-06-03'),
(36, 5, 'Octubre', 2014, 386, '2013-07-20'),
(36, 9, 'Septiembre', 2010, 158, '2014-01-07'),
(36, 2, 'Septiembre', 2011, 200, '2015-09-18'),
(36, 3, 'Septiembre', 2012, 127, '2014-06-05'),
(36, 9, 'Septiembre', 2013, 238, '2014-07-17'),
(36, 5, 'Septiembre', 2014, 105, '2014-09-17'),
(36, 10, 'Septiembre', 2015, 313, '2014-04-19'),
(37, 1, 'Abril', 2010, 247, '2013-11-21'),
(37, 4, 'Abril', 2011, 197, '2013-11-04'),
(37, 8, 'Abril', 2012, 145, '2014-12-15'),
(37, 8, 'Abril', 2013, 336, '2015-06-01'),
(37, 7, 'Abril', 2014, 241, '2015-09-05'),
(37, 1, 'Abril', 2015, 100, '2015-05-10'),
(37, 2, 'Agosto', 2010, 280, '2015-04-16'),
(37, 3, 'Agosto', 2011, 396, '2014-11-21'),
(37, 4, 'Agosto', 2012, 140, '2015-01-21'),
(37, 5, 'Agosto', 2013, 314, '2015-01-25'),
(37, 9, 'Agosto', 2014, 148, '2015-08-21'),
(37, 3, 'Agosto', 2015, 302, '2015-02-14'),
(37, 4, 'Julio', 2010, 363, '2013-08-31'),
(37, 2, 'Julio', 2011, 207, '2015-05-18'),
(37, 8, 'Julio', 2012, 147, '2014-07-04'),
(37, 4, 'Julio', 2013, 317, '2014-10-15'),
(37, 9, 'Julio', 2014, 141, '2014-10-05'),
(37, 3, 'Julio', 2015, 257, '2013-09-27'),
(37, 7, 'Junio', 2010, 159, '2014-01-04'),
(37, 2, 'Junio', 2011, 227, '2014-08-31'),
(37, 10, 'Junio', 2012, 257, '2013-12-06'),
(37, 1, 'Junio', 2013, 202, '2014-04-10'),
(37, 4, 'Junio', 2014, 142, '2015-05-29'),
(37, 2, 'Junio', 2015, 306, '2013-09-20'),
(37, 7, 'Mayo', 2010, 100, '2015-08-03'),
(37, 3, 'Mayo', 2011, 386, '2015-09-04'),
(37, 7, 'Mayo', 2012, 327, '2015-01-05'),
(37, 6, 'Mayo', 2013, 377, '2014-05-02'),
(37, 3, 'Mayo', 2014, 202, '2015-02-13'),
(37, 2, 'Mayo', 2015, 381, '2015-04-05'),
(37, 9, 'Noviembre', 2010, 297, '2015-09-17'),
(37, 8, 'Noviembre', 2011, 241, '2014-09-22'),
(37, 8, 'Noviembre', 2012, 216, '2014-05-31'),
(37, 10, 'Noviembre', 2013, 258, '2013-12-11'),
(37, 10, 'Noviembre', 2014, 242, '2015-07-28'),
(37, 3, 'Octubre', 2010, 256, '2014-08-18'),
(37, 10, 'Octubre', 2011, 169, '2015-01-20'),
(37, 6, 'Octubre', 2012, 280, '2015-03-25'),
(37, 9, 'Octubre', 2013, 192, '2015-08-16'),
(37, 8, 'Octubre', 2014, 319, '2013-11-05'),
(37, 4, 'Septiembre', 2010, 239, '2014-10-30'),
(37, 9, 'Septiembre', 2011, 135, '2014-04-15'),
(37, 9, 'Septiembre', 2012, 163, '2014-04-11'),
(37, 7, 'Septiembre', 2013, 309, '2014-11-20'),
(37, 9, 'Septiembre', 2014, 353, '2013-07-21'),
(37, 4, 'Septiembre', 2015, 136, '2015-03-25'),
(38, 8, 'Abril', 2010, 125, '2013-08-04'),
(38, 3, 'Abril', 2011, 117, '2013-10-23'),
(38, 8, 'Abril', 2012, 110, '2013-12-12'),
(38, 1, 'Abril', 2013, 101, '2014-06-12'),
(38, 1, 'Abril', 2014, 375, '2015-08-18'),
(38, 10, 'Abril', 2015, 271, '2013-09-19'),
(38, 3, 'Agosto', 2010, 130, '2015-03-22'),
(38, 2, 'Agosto', 2011, 339, '2015-03-12'),
(38, 5, 'Agosto', 2012, 301, '2014-11-27'),
(38, 3, 'Agosto', 2013, 390, '2014-05-23'),
(38, 9, 'Agosto', 2014, 346, '2013-11-19'),
(38, 8, 'Agosto', 2015, 157, '2015-08-31'),
(38, 4, 'Julio', 2010, 251, '2015-02-14'),
(38, 5, 'Julio', 2011, 382, '2014-01-30'),
(38, 6, 'Julio', 2012, 156, '2013-12-04'),
(38, 4, 'Julio', 2013, 135, '2014-02-26'),
(38, 2, 'Julio', 2014, 109, '2015-01-28'),
(38, 2, 'Julio', 2015, 339, '2014-06-23'),
(38, 7, 'Junio', 2010, 367, '2014-09-13'),
(38, 2, 'Junio', 2011, 118, '2014-11-11'),
(38, 6, 'Junio', 2012, 291, '2015-08-07'),
(38, 7, 'Junio', 2013, 399, '2015-04-02'),
(38, 4, 'Junio', 2014, 119, '2015-09-11'),
(38, 1, 'Junio', 2015, 203, '2014-10-09'),
(38, 9, 'Mayo', 2010, 256, '2013-10-07'),
(38, 2, 'Mayo', 2011, 273, '2013-12-21'),
(38, 2, 'Mayo', 2012, 197, '2015-07-26'),
(38, 9, 'Mayo', 2013, 364, '2014-10-01'),
(38, 10, 'Mayo', 2014, 229, '2013-11-30'),
(38, 2, 'Mayo', 2015, 256, '2014-12-15'),
(38, 4, 'Noviembre', 2010, 190, '2013-08-26'),
(38, 4, 'Noviembre', 2011, 386, '2014-09-10'),
(38, 10, 'Noviembre', 2012, 356, '2014-11-26'),
(38, 6, 'Noviembre', 2013, 222, '2014-08-13'),
(38, 4, 'Noviembre', 2014, 243, '2014-05-19'),
(38, 7, 'Octubre', 2010, 218, '2013-09-11'),
(38, 9, 'Octubre', 2011, 241, '2014-03-03'),
(38, 3, 'Octubre', 2012, 150, '2015-08-25'),
(38, 4, 'Octubre', 2013, 229, '2013-11-21'),
(38, 9, 'Octubre', 2014, 296, '2014-12-28'),
(38, 5, 'Septiembre', 2010, 368, '2014-01-13'),
(38, 8, 'Septiembre', 2011, 265, '2014-06-24'),
(38, 2, 'Septiembre', 2012, 122, '2013-09-20'),
(38, 1, 'Septiembre', 2013, 317, '2015-08-14'),
(38, 10, 'Septiembre', 2014, 218, '2014-09-07'),
(38, 4, 'Septiembre', 2015, 339, '2013-11-12'),
(39, 10, 'Abril', 2010, 339, '2014-10-08'),
(39, 3, 'Abril', 2011, 280, '2014-12-09'),
(39, 8, 'Abril', 2012, 282, '2015-04-13'),
(39, 7, 'Abril', 2013, 172, '2014-01-20'),
(39, 3, 'Abril', 2014, 213, '2014-01-18'),
(39, 2, 'Abril', 2015, 148, '2013-12-26'),
(39, 7, 'Agosto', 2010, 302, '2015-07-22'),
(39, 9, 'Agosto', 2011, 364, '2013-11-24'),
(39, 7, 'Agosto', 2012, 213, '2013-11-01'),
(39, 8, 'Agosto', 2013, 173, '2014-03-06'),
(39, 7, 'Agosto', 2014, 129, '2014-10-15'),
(39, 10, 'Agosto', 2015, 328, '2015-01-11'),
(39, 5, 'Julio', 2010, 250, '2014-01-25'),
(39, 4, 'Julio', 2011, 165, '2015-05-26'),
(39, 8, 'Julio', 2012, 278, '2014-03-27'),
(39, 3, 'Julio', 2013, 191, '2014-06-01'),
(39, 9, 'Julio', 2014, 325, '2014-05-04'),
(39, 9, 'Julio', 2015, 351, '2014-04-12'),
(39, 6, 'Junio', 2010, 380, '2014-11-20'),
(39, 5, 'Junio', 2011, 145, '2013-08-14'),
(39, 10, 'Junio', 2012, 386, '2013-11-12'),
(39, 5, 'Junio', 2013, 193, '2015-06-03'),
(39, 4, 'Junio', 2014, 311, '2014-09-28'),
(39, 1, 'Junio', 2015, 273, '2014-12-26'),
(39, 1, 'Mayo', 2010, 332, '2014-04-23'),
(39, 7, 'Mayo', 2011, 139, '2015-02-12'),
(39, 1, 'Mayo', 2012, 202, '2013-07-30'),
(39, 4, 'Mayo', 2013, 192, '2015-06-24'),
(39, 8, 'Mayo', 2014, 253, '2014-02-05'),
(39, 6, 'Mayo', 2015, 292, '2014-06-21'),
(39, 3, 'Noviembre', 2010, 298, '2014-09-11'),
(39, 6, 'Noviembre', 2011, 213, '2013-12-22'),
(39, 5, 'Noviembre', 2012, 373, '2014-10-13'),
(39, 3, 'Noviembre', 2013, 224, '2015-07-09'),
(39, 6, 'Noviembre', 2014, 202, '2015-06-13'),
(39, 3, 'Octubre', 2010, 191, '2015-03-02'),
(39, 10, 'Octubre', 2011, 136, '2013-11-27'),
(39, 4, 'Octubre', 2012, 309, '2014-01-20'),
(39, 7, 'Octubre', 2013, 135, '2013-12-15'),
(39, 6, 'Octubre', 2014, 249, '2015-04-19'),
(39, 6, 'Octubre', 2015, 140, '2015-08-09'),
(39, 8, 'Septiembre', 2010, 152, '2015-03-08'),
(39, 5, 'Septiembre', 2011, 244, '2015-06-09'),
(39, 9, 'Septiembre', 2012, 360, '2015-07-27'),
(39, 6, 'Septiembre', 2013, 369, '2014-12-29'),
(39, 9, 'Septiembre', 2014, 364, '2015-08-31'),
(39, 2, 'Septiembre', 2015, 314, '2014-11-20'),
(40, 10, 'Abril', 2010, 376, '2013-10-30'),
(40, 7, 'Abril', 2011, 238, '2014-09-14'),
(40, 3, 'Abril', 2012, 261, '2015-05-24'),
(40, 8, 'Abril', 2013, 194, '2014-01-02'),
(40, 7, 'Abril', 2014, 387, '2013-10-10'),
(40, 6, 'Abril', 2015, 349, '2015-03-13'),
(40, 2, 'Agosto', 2010, 186, '2014-10-05'),
(40, 8, 'Agosto', 2011, 383, '2013-08-09'),
(40, 6, 'Agosto', 2012, 354, '2014-01-29'),
(40, 8, 'Agosto', 2013, 223, '2015-05-15'),
(40, 8, 'Agosto', 2014, 252, '2013-08-24'),
(40, 8, 'Agosto', 2015, 192, '2014-02-09'),
(40, 8, 'Julio', 2010, 104, '2015-09-20'),
(40, 5, 'Julio', 2011, 147, '2015-03-24'),
(40, 2, 'Julio', 2012, 323, '2014-12-28'),
(40, 2, 'Julio', 2013, 170, '2013-11-14'),
(40, 7, 'Julio', 2014, 385, '2013-09-15'),
(40, 10, 'Julio', 2015, 112, '2015-08-25'),
(40, 9, 'Junio', 2010, 208, '2014-12-12'),
(40, 2, 'Junio', 2011, 302, '2014-12-28'),
(40, 1, 'Junio', 2012, 183, '2014-10-05'),
(40, 3, 'Junio', 2013, 214, '2014-12-16'),
(40, 4, 'Junio', 2014, 117, '2014-11-24'),
(40, 9, 'Junio', 2015, 148, '2013-08-14'),
(40, 7, 'Mayo', 2010, 287, '2015-05-21'),
(40, 7, 'Mayo', 2011, 291, '2013-07-26'),
(40, 6, 'Mayo', 2012, 192, '2013-11-07'),
(40, 6, 'Mayo', 2013, 289, '2015-09-02'),
(40, 8, 'Mayo', 2014, 168, '2015-06-12'),
(40, 7, 'Mayo', 2015, 176, '2014-02-15'),
(40, 2, 'Noviembre', 2010, 275, '2013-12-06'),
(40, 6, 'Noviembre', 2011, 147, '2013-09-20'),
(40, 4, 'Noviembre', 2012, 110, '2014-12-12'),
(40, 2, 'Noviembre', 2013, 309, '2013-10-01'),
(40, 9, 'Noviembre', 2014, 213, '2014-01-27'),
(40, 8, 'Octubre', 2010, 360, '2015-03-12'),
(40, 9, 'Octubre', 2011, 380, '2014-06-26'),
(40, 10, 'Octubre', 2012, 116, '2013-08-22'),
(40, 10, 'Octubre', 2013, 247, '2015-08-01'),
(40, 1, 'Octubre', 2014, 184, '2014-01-21'),
(40, 6, 'Septiembre', 2010, 340, '2013-08-07'),
(40, 1, 'Septiembre', 2011, 162, '2014-02-02'),
(40, 6, 'Septiembre', 2012, 293, '2014-01-07'),
(40, 8, 'Septiembre', 2013, 279, '2014-11-17'),
(40, 4, 'Septiembre', 2014, 113, '2015-07-21'),
(40, 2, 'Septiembre', 2015, 234, '2015-06-16'),
(41, 5, 'Abril', 2010, 126, '2015-09-10'),
(41, 9, 'Abril', 2011, 133, '2014-12-08'),
(41, 6, 'Abril', 2012, 184, '2014-04-03'),
(41, 7, 'Abril', 2013, 123, '2015-05-16'),
(41, 5, 'Abril', 2014, 263, '2013-07-21'),
(41, 4, 'Abril', 2015, 244, '2015-04-13'),
(41, 2, 'Agosto', 2010, 331, '2014-09-28'),
(41, 9, 'Agosto', 2011, 222, '2015-09-07'),
(41, 4, 'Agosto', 2012, 318, '2014-05-18'),
(41, 9, 'Agosto', 2013, 223, '2013-10-10'),
(41, 10, 'Agosto', 2014, 363, '2013-11-21'),
(41, 8, 'Agosto', 2015, 142, '2015-03-15'),
(41, 1, 'Julio', 2010, 124, '2013-12-25'),
(41, 2, 'Julio', 2011, 396, '2015-07-24'),
(41, 5, 'Julio', 2012, 305, '2014-01-17'),
(41, 1, 'Julio', 2013, 237, '2014-09-28'),
(41, 9, 'Julio', 2014, 171, '2014-10-26'),
(41, 8, 'Julio', 2015, 347, '2015-02-17'),
(41, 1, 'Junio', 2010, 217, '2015-03-17'),
(41, 5, 'Junio', 2011, 248, '2015-07-22'),
(41, 3, 'Junio', 2012, 187, '2015-08-12'),
(41, 8, 'Junio', 2013, 391, '2015-03-25'),
(41, 7, 'Junio', 2014, 391, '2013-09-14'),
(41, 3, 'Junio', 2015, 383, '2013-10-16'),
(41, 3, 'Mayo', 2010, 341, '2015-01-14'),
(41, 10, 'Mayo', 2011, 156, '2013-08-29'),
(41, 8, 'Mayo', 2012, 259, '2015-06-03'),
(41, 5, 'Mayo', 2013, 126, '2013-11-12'),
(41, 5, 'Mayo', 2014, 356, '2014-11-16'),
(41, 4, 'Mayo', 2015, 398, '2015-01-07'),
(41, 1, 'Noviembre', 2010, 219, '2013-12-25'),
(41, 6, 'Noviembre', 2011, 104, '2015-07-23'),
(41, 7, 'Noviembre', 2012, 367, '2013-09-30'),
(41, 10, 'Noviembre', 2013, 219, '2014-11-09'),
(41, 9, 'Noviembre', 2014, 197, '2014-06-16'),
(41, 3, 'Octubre', 2010, 142, '2015-02-18'),
(41, 5, 'Octubre', 2011, 231, '2014-03-06'),
(41, 7, 'Octubre', 2012, 328, '2014-10-02'),
(41, 1, 'Octubre', 2013, 245, '2014-05-05'),
(41, 10, 'Octubre', 2014, 141, '2014-01-17'),
(41, 6, 'Septiembre', 2010, 346, '2014-05-15'),
(41, 1, 'Septiembre', 2011, 207, '2014-07-22'),
(41, 1, 'Septiembre', 2012, 199, '2015-05-04'),
(41, 6, 'Septiembre', 2013, 273, '2013-08-16'),
(41, 8, 'Septiembre', 2014, 368, '2015-05-31'),
(41, 5, 'Septiembre', 2015, 317, '2014-01-24'),
(42, 8, 'Abril', 2010, 385, '2014-08-14'),
(42, 7, 'Abril', 2011, 272, '2015-06-21'),
(42, 9, 'Abril', 2012, 104, '2013-09-17'),
(42, 7, 'Abril', 2013, 206, '2014-05-10'),
(42, 3, 'Abril', 2014, 320, '2014-09-22'),
(42, 10, 'Abril', 2015, 279, '2013-11-24'),
(42, 2, 'Agosto', 2010, 335, '2014-12-20'),
(42, 1, 'Agosto', 2011, 139, '2014-02-26'),
(42, 1, 'Agosto', 2012, 192, '2015-02-21'),
(42, 5, 'Agosto', 2013, 141, '2015-04-14'),
(42, 2, 'Agosto', 2014, 329, '2015-07-01'),
(42, 3, 'Agosto', 2015, 221, '2015-06-28'),
(42, 10, 'Julio', 2010, 320, '2013-12-03'),
(42, 4, 'Julio', 2011, 233, '2015-06-12'),
(42, 10, 'Julio', 2012, 109, '2015-03-03'),
(42, 10, 'Julio', 2013, 346, '2015-07-25'),
(42, 8, 'Julio', 2014, 102, '2015-03-08'),
(42, 8, 'Julio', 2015, 273, '2015-08-11'),
(42, 5, 'Junio', 2010, 358, '2015-03-20'),
(42, 8, 'Junio', 2011, 270, '2015-01-28'),
(42, 9, 'Junio', 2012, 178, '2014-04-26'),
(42, 6, 'Junio', 2013, 278, '2014-05-11'),
(42, 6, 'Junio', 2014, 158, '2014-01-25'),
(42, 2, 'Junio', 2015, 155, '2013-09-24'),
(42, 7, 'Mayo', 2010, 201, '2014-04-18'),
(42, 8, 'Mayo', 2011, 140, '2014-07-09'),
(42, 2, 'Mayo', 2012, 299, '2014-05-05'),
(42, 5, 'Mayo', 2013, 373, '2013-11-30'),
(42, 9, 'Mayo', 2014, 266, '2015-02-05'),
(42, 9, 'Mayo', 2015, 111, '2013-12-18'),
(42, 9, 'Noviembre', 2010, 260, '2014-01-26'),
(42, 7, 'Noviembre', 2011, 264, '2014-02-25'),
(42, 9, 'Noviembre', 2012, 142, '2015-04-11'),
(42, 3, 'Noviembre', 2013, 120, '2015-02-27'),
(42, 6, 'Noviembre', 2014, 376, '2014-10-26'),
(42, 2, 'Octubre', 2010, 159, '2015-08-31'),
(42, 1, 'Octubre', 2011, 343, '2015-09-12'),
(42, 1, 'Octubre', 2012, 235, '2014-10-03'),
(42, 10, 'Octubre', 2013, 347, '2015-02-01'),
(42, 9, 'Octubre', 2014, 329, '2014-06-07'),
(42, 5, 'Septiembre', 2010, 239, '2014-05-07'),
(42, 10, 'Septiembre', 2011, 180, '2014-09-30'),
(42, 4, 'Septiembre', 2012, 385, '2013-08-06'),
(42, 7, 'Septiembre', 2013, 382, '2013-11-09'),
(42, 2, 'Septiembre', 2014, 354, '2015-02-28'),
(42, 3, 'Septiembre', 2015, 225, '2013-11-16'),
(43, 5, 'Abril', 2010, 265, '2014-10-01'),
(43, 8, 'Abril', 2011, 249, '2014-07-14'),
(43, 7, 'Abril', 2012, 349, '2014-03-18'),
(43, 3, 'Abril', 2013, 298, '2013-11-14'),
(43, 10, 'Abril', 2014, 342, '2015-01-16'),
(43, 6, 'Abril', 2015, 113, '2015-02-09'),
(43, 8, 'Agosto', 2010, 345, '2015-01-29'),
(43, 8, 'Agosto', 2011, 384, '2015-05-04'),
(43, 3, 'Agosto', 2012, 182, '2014-12-04'),
(43, 1, 'Agosto', 2013, 263, '2014-03-26'),
(43, 7, 'Agosto', 2014, 365, '2013-09-24'),
(43, 8, 'Agosto', 2015, 338, '2014-04-20'),
(43, 5, 'Julio', 2010, 192, '2015-01-05'),
(43, 5, 'Julio', 2011, 150, '2013-11-26'),
(43, 5, 'Julio', 2012, 373, '2013-09-27'),
(43, 10, 'Julio', 2013, 114, '2015-01-20'),
(43, 5, 'Julio', 2014, 255, '2015-04-08'),
(43, 2, 'Julio', 2015, 231, '2014-03-24'),
(43, 4, 'Junio', 2010, 290, '2013-08-27'),
(43, 10, 'Junio', 2011, 358, '2014-08-02'),
(43, 1, 'Junio', 2012, 219, '2014-12-17'),
(43, 4, 'Junio', 2013, 220, '2015-08-15'),
(43, 5, 'Junio', 2014, 343, '2014-06-04'),
(43, 1, 'Junio', 2015, 354, '2014-09-14'),
(43, 3, 'Mayo', 2010, 342, '2013-09-09'),
(43, 3, 'Mayo', 2011, 248, '2015-09-19'),
(43, 4, 'Mayo', 2012, 113, '2014-10-14'),
(43, 1, 'Mayo', 2013, 322, '2014-09-17'),
(43, 9, 'Mayo', 2014, 270, '2014-05-24'),
(43, 9, 'Mayo', 2015, 286, '2014-11-17'),
(43, 6, 'Noviembre', 2010, 220, '2014-03-05'),
(43, 4, 'Noviembre', 2011, 139, '2014-06-15'),
(43, 4, 'Noviembre', 2012, 240, '2014-08-15'),
(43, 2, 'Noviembre', 2013, 382, '2013-10-16'),
(43, 7, 'Noviembre', 2014, 185, '2015-04-23'),
(43, 8, 'Octubre', 2010, 163, '2013-08-28'),
(43, 2, 'Octubre', 2011, 162, '2014-08-07'),
(43, 6, 'Octubre', 2012, 225, '2013-11-21'),
(43, 3, 'Octubre', 2013, 238, '2014-11-16'),
(43, 5, 'Octubre', 2014, 115, '2014-05-08'),
(43, 1, 'Septiembre', 2010, 164, '2014-07-10'),
(43, 8, 'Septiembre', 2011, 237, '2014-05-06'),
(43, 3, 'Septiembre', 2012, 291, '2014-01-22'),
(43, 3, 'Septiembre', 2013, 342, '2015-08-15'),
(43, 4, 'Septiembre', 2014, 135, '2014-08-28'),
(43, 3, 'Septiembre', 2015, 154, '2013-08-14'),
(44, 8, 'Abril', 2010, 264, '2014-07-26'),
(44, 1, 'Abril', 2011, 155, '2014-05-08'),
(44, 9, 'Abril', 2012, 187, '2015-05-10'),
(44, 9, 'Abril', 2013, 369, '2013-12-17'),
(44, 1, 'Abril', 2014, 281, '2015-07-04'),
(44, 10, 'Abril', 2015, 201, '2014-08-06'),
(44, 5, 'Agosto', 2010, 361, '2013-11-25'),
(44, 2, 'Agosto', 2011, 199, '2014-09-02'),
(44, 3, 'Agosto', 2012, 113, '2015-02-06'),
(44, 7, 'Agosto', 2013, 168, '2013-07-19'),
(44, 2, 'Agosto', 2014, 104, '2015-09-02'),
(44, 1, 'Agosto', 2015, 216, '2014-10-25'),
(44, 6, 'Julio', 2010, 366, '2014-09-28'),
(44, 5, 'Julio', 2011, 181, '2015-05-24'),
(44, 1, 'Julio', 2012, 309, '2015-05-14'),
(44, 3, 'Julio', 2013, 300, '2015-01-23'),
(44, 8, 'Julio', 2014, 174, '2015-09-01'),
(44, 6, 'Julio', 2015, 172, '2015-06-10'),
(44, 5, 'Junio', 2010, 238, '2014-05-31'),
(44, 8, 'Junio', 2011, 274, '2015-06-20'),
(44, 4, 'Junio', 2012, 253, '2014-10-06'),
(44, 4, 'Junio', 2013, 346, '2015-05-27'),
(44, 5, 'Junio', 2014, 268, '2015-03-22'),
(44, 1, 'Junio', 2015, 202, '2014-06-03'),
(44, 7, 'Mayo', 2010, 108, '2015-08-28'),
(44, 10, 'Mayo', 2011, 135, '2014-04-24'),
(44, 9, 'Mayo', 2012, 253, '2015-09-14'),
(44, 9, 'Mayo', 2013, 157, '2014-07-05'),
(44, 9, 'Mayo', 2014, 229, '2014-10-22'),
(44, 1, 'Mayo', 2015, 273, '2014-02-18'),
(44, 9, 'Noviembre', 2010, 277, '2015-01-19'),
(44, 10, 'Noviembre', 2011, 164, '2014-01-21'),
(44, 7, 'Noviembre', 2012, 192, '2013-12-29'),
(44, 5, 'Noviembre', 2013, 369, '2013-11-15'),
(44, 8, 'Noviembre', 2014, 268, '2014-08-27'),
(44, 2, 'Octubre', 2010, 356, '2015-08-17'),
(44, 3, 'Octubre', 2011, 382, '2014-11-23'),
(44, 9, 'Octubre', 2012, 141, '2014-12-14'),
(44, 3, 'Octubre', 2013, 365, '2015-04-16'),
(44, 2, 'Octubre', 2014, 397, '2014-05-16'),
(44, 2, 'Octubre', 2015, 190, '2015-01-22'),
(44, 3, 'Septiembre', 2010, 263, '2014-06-17'),
(44, 4, 'Septiembre', 2011, 342, '2014-03-16'),
(44, 7, 'Septiembre', 2012, 220, '2015-06-04'),
(44, 1, 'Septiembre', 2013, 276, '2014-09-23'),
(44, 2, 'Septiembre', 2014, 320, '2013-09-28'),
(44, 1, 'Septiembre', 2015, 373, '2015-01-20'),
(45, 2, 'Abril', 2010, 201, '2015-04-29'),
(45, 10, 'Abril', 2011, 390, '2015-03-26'),
(45, 5, 'Abril', 2012, 344, '2015-02-27'),
(45, 1, 'Abril', 2013, 150, '2013-10-29'),
(45, 5, 'Abril', 2014, 222, '2014-07-26'),
(45, 3, 'Abril', 2015, 259, '2015-05-10'),
(45, 3, 'Agosto', 2010, 227, '2014-08-03'),
(45, 7, 'Agosto', 2011, 257, '2014-05-17'),
(45, 7, 'Agosto', 2012, 205, '2014-07-20'),
(45, 9, 'Agosto', 2013, 156, '2014-10-02'),
(45, 5, 'Agosto', 2014, 367, '2015-01-23'),
(45, 8, 'Agosto', 2015, 365, '2014-11-16'),
(45, 3, 'Julio', 2010, 324, '2013-09-20'),
(45, 10, 'Julio', 2011, 125, '2014-04-16'),
(45, 10, 'Julio', 2012, 156, '2013-09-21'),
(45, 4, 'Julio', 2013, 303, '2014-04-09'),
(45, 6, 'Julio', 2014, 348, '2014-03-29'),
(45, 5, 'Julio', 2015, 129, '2014-08-22'),
(45, 7, 'Junio', 2010, 103, '2015-06-25'),
(45, 1, 'Junio', 2011, 329, '2014-11-01'),
(45, 10, 'Junio', 2012, 334, '2014-02-16'),
(45, 5, 'Junio', 2013, 281, '2014-08-08'),
(45, 7, 'Junio', 2014, 306, '2014-07-01'),
(45, 1, 'Junio', 2015, 287, '2015-03-14'),
(45, 10, 'Mayo', 2010, 114, '2014-05-09'),
(45, 7, 'Mayo', 2011, 214, '2015-03-31'),
(45, 5, 'Mayo', 2012, 327, '2013-12-29'),
(45, 1, 'Mayo', 2013, 291, '2014-07-10'),
(45, 10, 'Mayo', 2014, 375, '2013-12-27'),
(45, 3, 'Mayo', 2015, 302, '2013-12-30'),
(45, 9, 'Noviembre', 2010, 282, '2014-07-13'),
(45, 7, 'Noviembre', 2011, 106, '2015-08-13'),
(45, 8, 'Noviembre', 2012, 184, '2014-08-07'),
(45, 3, 'Noviembre', 2013, 204, '2015-09-25'),
(45, 8, 'Noviembre', 2014, 369, '2015-07-29'),
(45, 8, 'Octubre', 2010, 244, '2015-05-06'),
(45, 3, 'Octubre', 2011, 130, '2014-04-19'),
(45, 3, 'Octubre', 2012, 120, '2014-05-30'),
(45, 3, 'Octubre', 2013, 108, '2014-04-27'),
(45, 5, 'Octubre', 2014, 384, '2014-12-26'),
(45, 7, 'Octubre', 2015, 292, '2013-10-06'),
(45, 9, 'Septiembre', 2010, 208, '2014-01-03'),
(45, 4, 'Septiembre', 2011, 364, '2013-09-09'),
(45, 5, 'Septiembre', 2012, 195, '2014-11-29'),
(45, 3, 'Septiembre', 2013, 386, '2013-11-21'),
(45, 6, 'Septiembre', 2014, 340, '2015-04-18'),
(45, 6, 'Septiembre', 2015, 144, '2014-12-29'),
(46, 3, 'Abril', 2010, 202, '2014-10-22'),
(46, 6, 'Abril', 2011, 177, '2014-03-01'),
(46, 2, 'Abril', 2012, 179, '2013-09-17'),
(46, 6, 'Abril', 2013, 267, '2014-09-16'),
(46, 3, 'Abril', 2014, 396, '2014-07-22'),
(46, 2, 'Abril', 2015, 177, '2014-09-28'),
(46, 3, 'Agosto', 2010, 200, '2014-11-27'),
(46, 9, 'Agosto', 2011, 367, '2015-05-26'),
(46, 4, 'Agosto', 2012, 236, '2015-09-01'),
(46, 6, 'Agosto', 2013, 277, '2014-12-26'),
(46, 10, 'Agosto', 2014, 277, '2014-08-22'),
(46, 6, 'Agosto', 2015, 156, '2014-01-16'),
(46, 7, 'Julio', 2010, 150, '2014-10-31'),
(46, 6, 'Julio', 2011, 182, '2015-07-02'),
(46, 9, 'Julio', 2012, 361, '2014-09-25'),
(46, 3, 'Julio', 2013, 256, '2014-03-22'),
(46, 8, 'Julio', 2014, 398, '2013-10-06'),
(46, 10, 'Julio', 2015, 220, '2015-02-11'),
(46, 2, 'Junio', 2010, 108, '2013-11-06'),
(46, 4, 'Junio', 2011, 381, '2015-08-26'),
(46, 6, 'Junio', 2012, 278, '2013-11-27'),
(46, 8, 'Junio', 2013, 149, '2014-01-30'),
(46, 2, 'Junio', 2014, 109, '2014-01-08'),
(46, 10, 'Junio', 2015, 303, '2015-04-04'),
(46, 1, 'Mayo', 2010, 185, '2015-06-18'),
(46, 2, 'Mayo', 2011, 218, '2014-06-02'),
(46, 5, 'Mayo', 2012, 132, '2014-04-22'),
(46, 1, 'Mayo', 2013, 211, '2013-09-03'),
(46, 4, 'Mayo', 2014, 256, '2014-05-23'),
(46, 6, 'Mayo', 2015, 248, '2014-05-05'),
(46, 1, 'Noviembre', 2010, 374, '2014-08-26'),
(46, 6, 'Noviembre', 2011, 122, '2015-06-30'),
(46, 5, 'Noviembre', 2012, 289, '2014-10-24'),
(46, 3, 'Noviembre', 2013, 381, '2014-03-28'),
(46, 8, 'Noviembre', 2014, 337, '2015-02-17'),
(46, 4, 'Octubre', 2010, 188, '2014-06-08'),
(46, 8, 'Octubre', 2011, 124, '2015-01-13'),
(46, 9, 'Octubre', 2012, 256, '2014-06-08'),
(46, 7, 'Octubre', 2013, 206, '2013-11-14'),
(46, 3, 'Octubre', 2014, 164, '2015-08-30'),
(46, 6, 'Octubre', 2015, 100, '2014-03-30'),
(46, 10, 'Septiembre', 2010, 210, '2014-08-19'),
(46, 7, 'Septiembre', 2011, 350, '2015-07-01'),
(46, 8, 'Septiembre', 2012, 118, '2015-07-19'),
(46, 1, 'Septiembre', 2013, 342, '2013-10-16'),
(46, 1, 'Septiembre', 2014, 353, '2014-05-28'),
(46, 8, 'Septiembre', 2015, 339, '2014-06-18'),
(47, 10, 'Abril', 2010, 235, '2014-01-29'),
(47, 8, 'Abril', 2011, 360, '2014-07-20'),
(47, 10, 'Abril', 2012, 394, '2013-12-14'),
(47, 10, 'Abril', 2013, 187, '2014-09-08'),
(47, 10, 'Abril', 2014, 258, '2015-02-27'),
(47, 7, 'Abril', 2015, 327, '2015-05-08'),
(47, 4, 'Agosto', 2010, 158, '2013-09-18'),
(47, 3, 'Agosto', 2011, 312, '2015-04-21'),
(47, 2, 'Agosto', 2012, 387, '2013-10-18'),
(47, 6, 'Agosto', 2013, 295, '2014-10-04'),
(47, 6, 'Agosto', 2014, 215, '2014-02-14'),
(47, 10, 'Agosto', 2015, 394, '2013-12-01'),
(47, 3, 'Julio', 2010, 319, '2014-09-23'),
(47, 2, 'Julio', 2011, 315, '2015-08-16'),
(47, 4, 'Julio', 2012, 215, '2014-03-15'),
(47, 2, 'Julio', 2013, 335, '2014-06-03'),
(47, 6, 'Julio', 2014, 328, '2015-07-10'),
(47, 4, 'Julio', 2015, 233, '2014-06-23'),
(47, 7, 'Junio', 2010, 381, '2014-12-31'),
(47, 5, 'Junio', 2011, 206, '2014-09-06'),
(47, 10, 'Junio', 2012, 390, '2014-12-16'),
(47, 1, 'Junio', 2013, 327, '2014-10-14'),
(47, 2, 'Junio', 2014, 365, '2015-06-26'),
(47, 1, 'Junio', 2015, 143, '2014-11-11'),
(47, 3, 'Mayo', 2010, 125, '2015-02-25'),
(47, 2, 'Mayo', 2011, 397, '2013-08-26'),
(47, 2, 'Mayo', 2012, 304, '2013-10-10'),
(47, 9, 'Mayo', 2013, 230, '2013-10-07'),
(47, 4, 'Mayo', 2014, 139, '2014-03-12'),
(47, 1, 'Mayo', 2015, 205, '2015-08-29'),
(47, 2, 'Noviembre', 2010, 210, '2013-11-21'),
(47, 9, 'Noviembre', 2011, 336, '2014-08-02'),
(47, 2, 'Noviembre', 2012, 349, '2015-03-26'),
(47, 8, 'Noviembre', 2013, 337, '2015-05-09'),
(47, 7, 'Noviembre', 2014, 236, '2014-02-14'),
(47, 3, 'Octubre', 2010, 147, '2014-04-19'),
(47, 8, 'Octubre', 2011, 121, '2014-11-04'),
(47, 2, 'Octubre', 2012, 367, '2013-11-15'),
(47, 3, 'Octubre', 2013, 170, '2013-08-16'),
(47, 3, 'Octubre', 2014, 252, '2015-05-18'),
(47, 7, 'Octubre', 2015, 347, '2013-08-02'),
(47, 8, 'Septiembre', 2010, 279, '2014-12-05'),
(47, 5, 'Septiembre', 2011, 254, '2015-08-24'),
(47, 4, 'Septiembre', 2012, 333, '2015-03-05'),
(47, 10, 'Septiembre', 2013, 203, '2014-12-08'),
(47, 7, 'Septiembre', 2014, 215, '2015-03-02'),
(47, 6, 'Septiembre', 2015, 367, '2013-10-19'),
(48, 7, 'Abril', 2010, 188, '2014-07-07'),
(48, 8, 'Abril', 2011, 339, '2015-03-11'),
(48, 7, 'Abril', 2012, 132, '2013-12-01'),
(48, 2, 'Abril', 2013, 146, '2014-05-26'),
(48, 5, 'Abril', 2014, 231, '2014-12-26'),
(48, 8, 'Abril', 2015, 320, '2013-09-11'),
(48, 3, 'Agosto', 2010, 203, '2014-08-31'),
(48, 5, 'Agosto', 2011, 256, '2014-01-18'),
(48, 4, 'Agosto', 2012, 273, '2014-12-27'),
(48, 3, 'Agosto', 2013, 193, '2014-09-26'),
(48, 6, 'Agosto', 2014, 351, '2015-03-22'),
(48, 1, 'Agosto', 2015, 171, '2014-08-30'),
(48, 8, 'Julio', 2010, 307, '2014-12-05'),
(48, 10, 'Julio', 2011, 319, '2015-05-23'),
(48, 4, 'Julio', 2012, 274, '2014-06-26'),
(48, 6, 'Julio', 2013, 312, '2014-09-19'),
(48, 3, 'Julio', 2014, 339, '2014-03-18'),
(48, 8, 'Julio', 2015, 357, '2015-06-27'),
(48, 5, 'Junio', 2010, 370, '2013-08-19'),
(48, 9, 'Junio', 2011, 376, '2015-03-07'),
(48, 6, 'Junio', 2012, 369, '2014-11-30'),
(48, 6, 'Junio', 2013, 316, '2015-07-05'),
(48, 9, 'Junio', 2014, 376, '2015-04-29'),
(48, 5, 'Junio', 2015, 231, '2015-04-24'),
(48, 9, 'Mayo', 2010, 229, '2014-02-12'),
(48, 7, 'Mayo', 2011, 350, '2015-01-22'),
(48, 4, 'Mayo', 2012, 361, '2014-01-21'),
(48, 9, 'Mayo', 2013, 356, '2013-10-27'),
(48, 1, 'Mayo', 2014, 296, '2015-05-04'),
(48, 9, 'Mayo', 2015, 311, '2013-10-05'),
(48, 10, 'Noviembre', 2010, 268, '2013-12-07'),
(48, 8, 'Noviembre', 2011, 308, '2013-09-15'),
(48, 3, 'Noviembre', 2012, 335, '2013-11-05'),
(48, 8, 'Noviembre', 2013, 351, '2013-09-12'),
(48, 6, 'Noviembre', 2014, 351, '2015-08-14'),
(48, 1, 'Octubre', 2010, 345, '2015-02-27'),
(48, 1, 'Octubre', 2011, 127, '2015-06-16'),
(48, 3, 'Octubre', 2012, 102, '2015-09-05'),
(48, 3, 'Octubre', 2013, 329, '2014-04-28'),
(48, 1, 'Octubre', 2014, 336, '2013-10-11'),
(48, 9, 'Octubre', 2015, 293, '2013-07-18'),
(48, 3, 'Septiembre', 2010, 357, '2014-07-21'),
(48, 5, 'Septiembre', 2011, 204, '2015-09-23'),
(48, 10, 'Septiembre', 2012, 150, '2014-04-05'),
(48, 6, 'Septiembre', 2013, 339, '2014-02-06'),
(48, 1, 'Septiembre', 2014, 243, '2014-09-19'),
(48, 6, 'Septiembre', 2015, 101, '2015-08-10'),
(49, 3, 'Abril', 2010, 276, '2014-03-11'),
(49, 9, 'Abril', 2011, 378, '2014-06-17'),
(49, 9, 'Abril', 2012, 358, '2014-07-10'),
(49, 9, 'Abril', 2013, 256, '2014-08-20'),
(49, 7, 'Abril', 2014, 106, '2015-03-13'),
(49, 7, 'Abril', 2015, 265, '2015-07-03'),
(49, 2, 'Agosto', 2010, 306, '2015-03-14'),
(49, 9, 'Agosto', 2011, 336, '2013-09-07'),
(49, 9, 'Agosto', 2012, 361, '2015-02-05'),
(49, 7, 'Agosto', 2013, 396, '2013-09-04'),
(49, 9, 'Agosto', 2014, 195, '2014-12-25'),
(49, 10, 'Agosto', 2015, 290, '2015-08-28'),
(49, 8, 'Julio', 2010, 165, '2013-11-12'),
(49, 3, 'Julio', 2011, 157, '2014-05-20'),
(49, 4, 'Julio', 2012, 190, '2015-01-03'),
(49, 4, 'Julio', 2013, 377, '2013-10-07'),
(49, 2, 'Julio', 2014, 315, '2013-09-29'),
(49, 1, 'Julio', 2015, 345, '2014-11-22'),
(49, 5, 'Junio', 2010, 380, '2015-02-16'),
(49, 1, 'Junio', 2011, 161, '2013-09-19'),
(49, 4, 'Junio', 2012, 170, '2015-05-18'),
(49, 7, 'Junio', 2013, 265, '2015-03-18'),
(49, 7, 'Junio', 2014, 113, '2014-03-10'),
(49, 10, 'Junio', 2015, 273, '2015-09-10'),
(49, 4, 'Mayo', 2010, 324, '2013-10-01'),
(49, 10, 'Mayo', 2011, 101, '2014-06-07'),
(49, 7, 'Mayo', 2012, 338, '2015-06-06'),
(49, 8, 'Mayo', 2013, 381, '2015-07-13'),
(49, 1, 'Mayo', 2014, 191, '2014-03-02'),
(49, 4, 'Mayo', 2015, 313, '2014-03-31'),
(49, 9, 'Noviembre', 2010, 293, '2013-10-23'),
(49, 6, 'Noviembre', 2011, 124, '2014-09-02'),
(49, 4, 'Noviembre', 2012, 245, '2015-07-06'),
(49, 2, 'Noviembre', 2013, 153, '2015-09-17'),
(49, 6, 'Noviembre', 2014, 229, '2015-06-02'),
(49, 5, 'Octubre', 2010, 337, '2014-06-27'),
(49, 6, 'Octubre', 2011, 131, '2014-02-15'),
(49, 5, 'Octubre', 2012, 147, '2014-11-07'),
(49, 3, 'Octubre', 2013, 242, '2014-10-04'),
(49, 8, 'Octubre', 2014, 370, '2014-02-20'),
(49, 8, 'Octubre', 2015, 120, '2015-03-30'),
(49, 7, 'Septiembre', 2010, 295, '2013-07-26'),
(49, 9, 'Septiembre', 2011, 112, '2014-05-21'),
(49, 5, 'Septiembre', 2012, 178, '2014-07-01'),
(49, 4, 'Septiembre', 2013, 152, '2014-08-20'),
(49, 2, 'Septiembre', 2014, 126, '2013-10-09'),
(49, 7, 'Septiembre', 2015, 377, '2015-07-28'),
(50, 9, 'Abril', 2010, 205, '2014-07-04'),
(50, 3, 'Abril', 2011, 394, '2015-06-24'),
(50, 6, 'Abril', 2012, 354, '2015-05-07'),
(50, 9, 'Abril', 2013, 188, '2013-07-20'),
(50, 6, 'Abril', 2014, 380, '2013-07-31'),
(50, 8, 'Abril', 2015, 333, '2014-02-01'),
(50, 1, 'Agosto', 2010, 124, '2014-12-28'),
(50, 4, 'Agosto', 2011, 123, '2015-02-07'),
(50, 8, 'Agosto', 2012, 145, '2013-10-03'),
(50, 4, 'Agosto', 2013, 257, '2014-08-23'),
(50, 2, 'Agosto', 2014, 148, '2014-10-24'),
(50, 7, 'Agosto', 2015, 169, '2015-05-03'),
(50, 2, 'Julio', 2010, 303, '2013-10-01'),
(50, 9, 'Julio', 2011, 306, '2014-07-13'),
(50, 6, 'Julio', 2012, 222, '2014-08-09'),
(50, 6, 'Julio', 2013, 391, '2014-09-20'),
(50, 4, 'Julio', 2014, 285, '2015-06-20'),
(50, 10, 'Julio', 2015, 156, '2015-04-18'),
(50, 5, 'Junio', 2010, 126, '2015-08-22'),
(50, 8, 'Junio', 2011, 362, '2015-07-09'),
(50, 5, 'Junio', 2012, 130, '2014-03-13'),
(50, 5, 'Junio', 2013, 367, '2014-07-30'),
(50, 1, 'Junio', 2014, 142, '2015-02-27'),
(50, 6, 'Junio', 2015, 109, '2014-01-22'),
(50, 5, 'Mayo', 2010, 323, '2015-06-09'),
(50, 9, 'Mayo', 2011, 283, '2014-09-28'),
(50, 9, 'Mayo', 2012, 349, '2014-05-24'),
(50, 10, 'Mayo', 2013, 192, '2014-04-06'),
(50, 4, 'Mayo', 2014, 114, '2015-03-29'),
(50, 2, 'Mayo', 2015, 197, '2013-10-22'),
(50, 9, 'Noviembre', 2010, 243, '2014-01-01'),
(50, 5, 'Noviembre', 2011, 223, '2014-04-25'),
(50, 9, 'Noviembre', 2012, 286, '2014-09-14'),
(50, 1, 'Noviembre', 2013, 359, '2015-06-22'),
(50, 4, 'Noviembre', 2014, 236, '2013-10-23'),
(50, 5, 'Octubre', 2010, 117, '2015-03-15'),
(50, 9, 'Octubre', 2011, 171, '2015-01-13'),
(50, 6, 'Octubre', 2012, 104, '2015-08-30'),
(50, 10, 'Octubre', 2013, 209, '2015-09-03'),
(50, 8, 'Octubre', 2014, 331, '2014-12-28'),
(50, 6, 'Octubre', 2015, 327, '2014-12-21'),
(50, 4, 'Septiembre', 2010, 242, '2013-11-22'),
(50, 3, 'Septiembre', 2011, 127, '2013-08-20'),
(50, 9, 'Septiembre', 2012, 113, '2013-07-31'),
(50, 4, 'Septiembre', 2013, 384, '2013-12-27'),
(50, 7, 'Septiembre', 2014, 277, '2015-03-14'),
(50, 1, 'Septiembre', 2015, 135, '2015-09-05'),
(51, 1, 'Abril', 2010, 345, '2014-05-21'),
(51, 8, 'Abril', 2011, 320, '2015-06-24'),
(51, 3, 'Abril', 2012, 161, '2014-04-05'),
(51, 1, 'Abril', 2013, 350, '2014-02-15'),
(51, 2, 'Abril', 2014, 264, '2014-07-06'),
(51, 10, 'Abril', 2015, 168, '2013-11-20'),
(51, 5, 'Agosto', 2010, 253, '2014-06-10'),
(51, 10, 'Agosto', 2011, 359, '2013-09-19'),
(51, 1, 'Agosto', 2012, 336, '2014-03-23'),
(51, 8, 'Agosto', 2013, 202, '2015-01-03'),
(51, 2, 'Agosto', 2014, 204, '2013-09-18'),
(51, 10, 'Agosto', 2015, 312, '2013-12-10'),
(51, 5, 'Julio', 2010, 248, '2013-10-09'),
(51, 3, 'Julio', 2011, 205, '2014-01-26'),
(51, 7, 'Julio', 2012, 181, '2014-08-02'),
(51, 10, 'Julio', 2013, 189, '2014-10-29'),
(51, 3, 'Julio', 2014, 305, '2015-09-25'),
(51, 5, 'Julio', 2015, 254, '2013-10-04'),
(51, 2, 'Junio', 2010, 258, '2015-07-05'),
(51, 10, 'Junio', 2011, 125, '2013-12-08'),
(51, 2, 'Junio', 2012, 356, '2013-10-29'),
(51, 6, 'Junio', 2013, 103, '2014-09-02'),
(51, 8, 'Junio', 2014, 247, '2014-11-14'),
(51, 7, 'Junio', 2015, 226, '2014-11-12'),
(51, 10, 'Mayo', 2010, 288, '2014-06-12'),
(51, 6, 'Mayo', 2011, 362, '2014-10-05'),
(51, 9, 'Mayo', 2012, 244, '2014-03-04'),
(51, 1, 'Mayo', 2013, 338, '2015-08-24'),
(51, 2, 'Mayo', 2014, 255, '2013-07-19'),
(51, 6, 'Mayo', 2015, 162, '2014-01-19'),
(51, 4, 'Noviembre', 2010, 248, '2014-04-28'),
(51, 3, 'Noviembre', 2011, 351, '2014-09-06'),
(51, 7, 'Noviembre', 2012, 311, '2015-09-10'),
(51, 1, 'Noviembre', 2013, 101, '2014-05-22'),
(51, 7, 'Noviembre', 2014, 377, '2014-05-28'),
(51, 4, 'Octubre', 2010, 156, '2014-03-20'),
(51, 9, 'Octubre', 2011, 150, '2014-09-07'),
(51, 8, 'Octubre', 2012, 181, '2014-05-21'),
(51, 10, 'Octubre', 2013, 357, '2015-02-13'),
(51, 10, 'Octubre', 2014, 238, '2013-11-11'),
(51, 5, 'Octubre', 2015, 321, '2014-01-02'),
(51, 7, 'Septiembre', 2010, 191, '2015-01-26'),
(51, 2, 'Septiembre', 2011, 192, '2015-02-22'),
(51, 5, 'Septiembre', 2012, 286, '2015-01-16'),
(51, 10, 'Septiembre', 2013, 154, '2015-09-07'),
(51, 9, 'Septiembre', 2014, 114, '2015-01-09'),
(51, 8, 'Septiembre', 2015, 308, '2015-01-07'),
(52, 9, 'Abril', 2010, 197, '2014-03-28'),
(52, 1, 'Abril', 2011, 260, '2014-10-26'),
(52, 2, 'Abril', 2012, 309, '2013-07-20'),
(52, 2, 'Abril', 2013, 367, '2014-10-11'),
(52, 2, 'Abril', 2014, 203, '2015-08-07'),
(52, 8, 'Abril', 2015, 118, '2015-04-20'),
(52, 5, 'Agosto', 2010, 181, '2013-08-19'),
(52, 10, 'Agosto', 2011, 150, '2015-07-24'),
(52, 4, 'Agosto', 2012, 108, '2014-10-01'),
(52, 1, 'Agosto', 2013, 290, '2014-01-21'),
(52, 9, 'Agosto', 2014, 124, '2015-07-15'),
(52, 7, 'Agosto', 2015, 254, '2014-07-18'),
(52, 1, 'Julio', 2010, 197, '2014-05-09'),
(52, 2, 'Julio', 2011, 122, '2013-08-19'),
(52, 2, 'Julio', 2012, 220, '2014-02-22'),
(52, 2, 'Julio', 2013, 335, '2015-06-19'),
(52, 1, 'Julio', 2014, 311, '2015-01-29'),
(52, 2, 'Julio', 2015, 151, '2014-06-18'),
(52, 2, 'Junio', 2010, 324, '2014-04-12');
INSERT INTO `Pagos` (`ID_Alumno`, `ID_Empleado`, `Mes`, `Año`, `Importe`, `Fecha_Pago`) VALUES
(52, 10, 'Junio', 2011, 166, '2013-12-31'),
(52, 2, 'Junio', 2012, 362, '2014-10-20'),
(52, 7, 'Junio', 2013, 307, '2014-03-17'),
(52, 1, 'Junio', 2014, 350, '2015-02-19'),
(52, 2, 'Junio', 2015, 126, '2015-09-16'),
(52, 5, 'Mayo', 2010, 387, '2013-11-09'),
(52, 8, 'Mayo', 2011, 250, '2013-12-09'),
(52, 5, 'Mayo', 2012, 291, '2014-12-14'),
(52, 6, 'Mayo', 2013, 305, '2014-09-09'),
(52, 9, 'Mayo', 2014, 254, '2014-08-15'),
(52, 2, 'Mayo', 2015, 252, '2014-02-10'),
(52, 10, 'Noviembre', 2010, 399, '2014-12-19'),
(52, 7, 'Noviembre', 2011, 235, '2015-09-19'),
(52, 5, 'Noviembre', 2012, 181, '2015-05-03'),
(52, 10, 'Noviembre', 2013, 101, '2015-01-12'),
(52, 9, 'Noviembre', 2014, 162, '2014-02-21'),
(52, 5, 'Octubre', 2010, 249, '2014-03-31'),
(52, 4, 'Octubre', 2011, 223, '2015-09-14'),
(52, 3, 'Octubre', 2012, 269, '2014-01-27'),
(52, 9, 'Octubre', 2013, 277, '2015-03-15'),
(52, 4, 'Octubre', 2014, 177, '2013-07-28'),
(52, 10, 'Octubre', 2015, 254, '2014-10-28'),
(52, 5, 'Septiembre', 2010, 339, '2015-03-01'),
(52, 10, 'Septiembre', 2011, 232, '2015-05-05'),
(52, 9, 'Septiembre', 2012, 346, '2014-12-24'),
(52, 4, 'Septiembre', 2013, 330, '2014-02-06'),
(52, 5, 'Septiembre', 2014, 212, '2014-12-01'),
(52, 1, 'Septiembre', 2015, 272, '2014-03-02'),
(53, 8, 'Abril', 2010, 322, '2014-06-20'),
(53, 7, 'Abril', 2011, 395, '2013-10-07'),
(53, 8, 'Abril', 2012, 306, '2015-04-18'),
(53, 8, 'Abril', 2013, 245, '2013-12-16'),
(53, 1, 'Abril', 2014, 207, '2014-11-11'),
(53, 3, 'Abril', 2015, 203, '2013-07-24'),
(53, 3, 'Agosto', 2010, 293, '2015-03-28'),
(53, 2, 'Agosto', 2011, 154, '2013-08-04'),
(53, 4, 'Agosto', 2012, 395, '2015-05-10'),
(53, 1, 'Agosto', 2013, 208, '2014-09-19'),
(53, 9, 'Agosto', 2014, 359, '2014-10-30'),
(53, 8, 'Agosto', 2015, 166, '2014-09-07'),
(53, 10, 'Julio', 2010, 257, '2014-01-02'),
(53, 6, 'Julio', 2011, 386, '2015-09-21'),
(53, 1, 'Julio', 2012, 157, '2015-05-16'),
(53, 1, 'Julio', 2013, 129, '2015-08-11'),
(53, 5, 'Julio', 2014, 376, '2015-07-31'),
(53, 8, 'Julio', 2015, 188, '2015-06-04'),
(53, 6, 'Junio', 2010, 314, '2014-08-18'),
(53, 6, 'Junio', 2011, 306, '2013-11-21'),
(53, 3, 'Junio', 2012, 187, '2014-01-24'),
(53, 1, 'Junio', 2013, 220, '2015-05-11'),
(53, 4, 'Junio', 2014, 139, '2015-04-24'),
(53, 9, 'Junio', 2015, 234, '2013-12-23'),
(53, 5, 'Mayo', 2010, 353, '2013-10-18'),
(53, 2, 'Mayo', 2011, 363, '2015-01-03'),
(53, 9, 'Mayo', 2012, 356, '2014-05-13'),
(53, 5, 'Mayo', 2013, 290, '2015-06-09'),
(53, 9, 'Mayo', 2014, 282, '2013-08-30'),
(53, 7, 'Mayo', 2015, 138, '2013-08-27'),
(53, 2, 'Noviembre', 2010, 347, '2014-09-18'),
(53, 2, 'Noviembre', 2011, 320, '2014-01-13'),
(53, 6, 'Noviembre', 2012, 158, '2014-09-12'),
(53, 8, 'Noviembre', 2013, 333, '2013-10-21'),
(53, 1, 'Noviembre', 2014, 190, '2014-04-05'),
(53, 4, 'Octubre', 2010, 391, '2014-02-24'),
(53, 6, 'Octubre', 2011, 194, '2015-02-25'),
(53, 3, 'Octubre', 2012, 300, '2014-02-20'),
(53, 2, 'Octubre', 2013, 215, '2015-06-25'),
(53, 1, 'Octubre', 2014, 377, '2014-07-25'),
(53, 9, 'Octubre', 2015, 239, '2014-03-25'),
(53, 9, 'Septiembre', 2010, 265, '2013-09-20'),
(53, 6, 'Septiembre', 2011, 209, '2014-08-13'),
(53, 2, 'Septiembre', 2012, 151, '2013-07-28'),
(53, 8, 'Septiembre', 2013, 327, '2015-04-16'),
(53, 10, 'Septiembre', 2014, 181, '2014-05-31'),
(53, 1, 'Septiembre', 2015, 124, '2014-02-18'),
(54, 7, 'Abril', 2010, 278, '2015-02-23'),
(54, 1, 'Abril', 2011, 319, '2015-08-14'),
(54, 7, 'Abril', 2012, 359, '2013-07-19'),
(54, 1, 'Abril', 2013, 139, '2014-11-23'),
(54, 10, 'Abril', 2014, 117, '2014-01-25'),
(54, 6, 'Abril', 2015, 371, '2014-09-14'),
(54, 8, 'Agosto', 2010, 200, '2013-09-30'),
(54, 9, 'Agosto', 2011, 392, '2015-09-13'),
(54, 9, 'Agosto', 2012, 356, '2014-03-07'),
(54, 8, 'Agosto', 2013, 202, '2014-11-24'),
(54, 7, 'Agosto', 2014, 143, '2014-10-30'),
(54, 2, 'Agosto', 2015, 313, '2014-03-24'),
(54, 1, 'Julio', 2010, 133, '2013-08-01'),
(54, 4, 'Julio', 2011, 230, '2013-11-05'),
(54, 10, 'Julio', 2012, 348, '2014-09-16'),
(54, 6, 'Julio', 2013, 347, '2015-06-14'),
(54, 3, 'Julio', 2014, 294, '2014-04-02'),
(54, 8, 'Julio', 2015, 327, '2014-04-19'),
(54, 9, 'Junio', 2010, 353, '2013-12-31'),
(54, 9, 'Junio', 2011, 382, '2014-01-21'),
(54, 10, 'Junio', 2012, 149, '2013-10-23'),
(54, 4, 'Junio', 2013, 104, '2014-06-03'),
(54, 10, 'Junio', 2014, 272, '2015-02-26'),
(54, 10, 'Junio', 2015, 347, '2013-08-23'),
(54, 5, 'Mayo', 2010, 218, '2015-06-03'),
(54, 1, 'Mayo', 2011, 251, '2015-05-26'),
(54, 2, 'Mayo', 2012, 202, '2014-12-31'),
(54, 6, 'Mayo', 2013, 155, '2014-02-05'),
(54, 1, 'Mayo', 2014, 369, '2014-04-06'),
(54, 5, 'Mayo', 2015, 381, '2014-07-18'),
(54, 4, 'Noviembre', 2010, 397, '2014-03-19'),
(54, 6, 'Noviembre', 2011, 139, '2013-09-07'),
(54, 2, 'Noviembre', 2012, 310, '2015-07-20'),
(54, 1, 'Noviembre', 2013, 130, '2014-08-17'),
(54, 8, 'Noviembre', 2014, 221, '2015-05-19'),
(54, 6, 'Octubre', 2010, 204, '2014-06-09'),
(54, 1, 'Octubre', 2011, 281, '2015-03-06'),
(54, 2, 'Octubre', 2012, 395, '2014-11-24'),
(54, 1, 'Octubre', 2013, 127, '2014-03-08'),
(54, 7, 'Octubre', 2014, 252, '2014-12-06'),
(54, 9, 'Septiembre', 2010, 340, '2015-01-21'),
(54, 2, 'Septiembre', 2011, 162, '2014-09-18'),
(54, 4, 'Septiembre', 2012, 291, '2013-09-05'),
(54, 2, 'Septiembre', 2013, 267, '2014-10-09'),
(54, 3, 'Septiembre', 2014, 365, '2013-12-26'),
(54, 3, 'Septiembre', 2015, 322, '2013-07-22'),
(55, 5, 'Abril', 2010, 116, '2015-07-24'),
(55, 10, 'Abril', 2011, 115, '2014-07-21'),
(55, 3, 'Abril', 2012, 128, '2013-08-15'),
(55, 6, 'Abril', 2013, 196, '2014-07-11'),
(55, 3, 'Abril', 2014, 195, '2015-07-03'),
(55, 9, 'Abril', 2015, 288, '2014-07-16'),
(55, 7, 'Agosto', 2010, 152, '2014-12-21'),
(55, 1, 'Agosto', 2011, 398, '2014-01-21'),
(55, 3, 'Agosto', 2012, 233, '2013-10-22'),
(55, 10, 'Agosto', 2013, 172, '2014-04-07'),
(55, 1, 'Agosto', 2014, 363, '2013-08-25'),
(55, 2, 'Agosto', 2015, 294, '2015-08-12'),
(55, 6, 'Julio', 2010, 282, '2015-02-24'),
(55, 7, 'Julio', 2011, 130, '2015-01-24'),
(55, 9, 'Julio', 2012, 305, '2015-04-13'),
(55, 10, 'Julio', 2013, 132, '2014-12-10'),
(55, 1, 'Julio', 2014, 248, '2014-12-28'),
(55, 5, 'Julio', 2015, 141, '2014-10-23'),
(55, 3, 'Junio', 2010, 164, '2014-01-28'),
(55, 2, 'Junio', 2011, 299, '2015-02-24'),
(55, 7, 'Junio', 2012, 300, '2013-10-06'),
(55, 8, 'Junio', 2013, 204, '2014-01-24'),
(55, 9, 'Junio', 2014, 319, '2014-03-12'),
(55, 1, 'Junio', 2015, 282, '2014-04-07'),
(55, 2, 'Mayo', 2010, 354, '2015-08-19'),
(55, 4, 'Mayo', 2011, 221, '2015-03-17'),
(55, 3, 'Mayo', 2012, 245, '2013-08-12'),
(55, 9, 'Mayo', 2013, 162, '2013-09-08'),
(55, 2, 'Mayo', 2014, 278, '2014-05-14'),
(55, 8, 'Mayo', 2015, 203, '2014-01-28'),
(55, 6, 'Noviembre', 2010, 382, '2014-11-17'),
(55, 8, 'Noviembre', 2011, 297, '2015-06-18'),
(55, 6, 'Noviembre', 2012, 242, '2014-11-06'),
(55, 8, 'Noviembre', 2013, 217, '2013-08-09'),
(55, 9, 'Noviembre', 2014, 260, '2013-11-06'),
(55, 7, 'Octubre', 2010, 373, '2013-08-16'),
(55, 4, 'Octubre', 2011, 109, '2015-03-28'),
(55, 9, 'Octubre', 2012, 229, '2015-06-08'),
(55, 5, 'Octubre', 2013, 117, '2013-11-14'),
(55, 5, 'Octubre', 2014, 399, '2015-01-22'),
(55, 1, 'Octubre', 2015, 342, '2014-04-26'),
(55, 4, 'Septiembre', 2010, 111, '2014-05-26'),
(55, 5, 'Septiembre', 2011, 334, '2015-06-02'),
(55, 2, 'Septiembre', 2012, 333, '2015-06-19'),
(55, 10, 'Septiembre', 2013, 263, '2013-08-17'),
(55, 1, 'Septiembre', 2014, 218, '2014-04-11'),
(55, 3, 'Septiembre', 2015, 199, '2015-03-11'),
(56, 3, 'Abril', 2010, 244, '2015-01-26'),
(56, 5, 'Abril', 2011, 223, '2014-04-02'),
(56, 2, 'Abril', 2012, 284, '2013-07-20'),
(56, 10, 'Abril', 2013, 349, '2014-10-21'),
(56, 3, 'Abril', 2014, 192, '2015-08-13'),
(56, 1, 'Abril', 2015, 115, '2013-09-11'),
(56, 6, 'Agosto', 2010, 202, '2015-05-26'),
(56, 7, 'Agosto', 2011, 262, '2015-09-23'),
(56, 4, 'Agosto', 2012, 306, '2015-05-23'),
(56, 10, 'Agosto', 2013, 342, '2014-09-30'),
(56, 2, 'Agosto', 2014, 391, '2013-12-18'),
(56, 7, 'Agosto', 2015, 230, '2014-09-08'),
(56, 4, 'Julio', 2010, 176, '2014-09-23'),
(56, 2, 'Julio', 2011, 394, '2013-10-31'),
(56, 6, 'Julio', 2012, 138, '2015-09-24'),
(56, 10, 'Julio', 2013, 311, '2014-01-25'),
(56, 7, 'Julio', 2014, 139, '2013-12-20'),
(56, 2, 'Julio', 2015, 263, '2013-10-06'),
(56, 2, 'Junio', 2010, 197, '2013-12-18'),
(56, 7, 'Junio', 2011, 396, '2014-06-02'),
(56, 10, 'Junio', 2012, 388, '2015-03-11'),
(56, 9, 'Junio', 2013, 352, '2014-05-07'),
(56, 9, 'Junio', 2014, 195, '2013-07-19'),
(56, 4, 'Junio', 2015, 120, '2014-03-04'),
(56, 10, 'Mayo', 2010, 216, '2014-04-18'),
(56, 6, 'Mayo', 2011, 318, '2014-12-27'),
(56, 3, 'Mayo', 2012, 244, '2014-09-16'),
(56, 10, 'Mayo', 2013, 165, '2015-02-01'),
(56, 9, 'Mayo', 2014, 293, '2015-08-18'),
(56, 3, 'Mayo', 2015, 270, '2013-11-17'),
(56, 3, 'Noviembre', 2010, 372, '2013-11-11'),
(56, 10, 'Noviembre', 2011, 348, '2014-08-17'),
(56, 4, 'Noviembre', 2012, 224, '2014-12-18'),
(56, 10, 'Noviembre', 2013, 276, '2014-07-26'),
(56, 4, 'Noviembre', 2014, 307, '2015-07-14'),
(56, 3, 'Octubre', 2010, 207, '2015-06-09'),
(56, 7, 'Octubre', 2011, 322, '2014-12-26'),
(56, 5, 'Octubre', 2012, 286, '2014-04-28'),
(56, 7, 'Octubre', 2013, 363, '2014-12-15'),
(56, 1, 'Octubre', 2014, 257, '2013-07-20'),
(56, 10, 'Octubre', 2015, 399, '2015-06-08'),
(56, 1, 'Septiembre', 2010, 219, '2015-02-03'),
(56, 5, 'Septiembre', 2011, 101, '2014-08-17'),
(56, 5, 'Septiembre', 2012, 349, '2014-07-25'),
(56, 1, 'Septiembre', 2013, 141, '2015-06-13'),
(56, 4, 'Septiembre', 2014, 158, '2015-09-01'),
(56, 9, 'Septiembre', 2015, 270, '2013-10-13'),
(57, 3, 'Abril', 2010, 175, '2015-02-23'),
(57, 4, 'Abril', 2011, 266, '2014-11-12'),
(57, 7, 'Abril', 2012, 102, '2014-09-12'),
(57, 2, 'Abril', 2013, 217, '2015-06-02'),
(57, 5, 'Abril', 2014, 376, '2014-02-15'),
(57, 3, 'Abril', 2015, 229, '2013-11-11'),
(57, 5, 'Agosto', 2010, 219, '2014-05-14'),
(57, 5, 'Agosto', 2011, 306, '2015-09-12'),
(57, 4, 'Agosto', 2012, 171, '2014-08-13'),
(57, 1, 'Agosto', 2013, 140, '2014-10-16'),
(57, 4, 'Agosto', 2014, 390, '2014-05-14'),
(57, 2, 'Agosto', 2015, 226, '2014-12-06'),
(57, 4, 'Julio', 2010, 160, '2013-08-06'),
(57, 3, 'Julio', 2011, 324, '2015-03-15'),
(57, 10, 'Julio', 2012, 139, '2015-06-23'),
(57, 10, 'Julio', 2013, 224, '2013-09-25'),
(57, 6, 'Julio', 2014, 301, '2013-10-31'),
(57, 7, 'Julio', 2015, 134, '2014-02-07'),
(57, 1, 'Junio', 2010, 269, '2014-01-07'),
(57, 9, 'Junio', 2011, 240, '2014-08-18'),
(57, 2, 'Junio', 2012, 293, '2015-03-15'),
(57, 9, 'Junio', 2013, 347, '2013-12-10'),
(57, 7, 'Junio', 2014, 155, '2013-09-29'),
(57, 6, 'Junio', 2015, 237, '2014-08-18'),
(57, 9, 'Mayo', 2010, 320, '2014-05-04'),
(57, 7, 'Mayo', 2011, 185, '2013-10-03'),
(57, 1, 'Mayo', 2012, 168, '2015-09-16'),
(57, 2, 'Mayo', 2013, 186, '2014-06-11'),
(57, 2, 'Mayo', 2014, 324, '2014-01-02'),
(57, 8, 'Mayo', 2015, 361, '2015-03-31'),
(57, 2, 'Noviembre', 2010, 131, '2015-09-10'),
(57, 2, 'Noviembre', 2011, 377, '2015-09-15'),
(57, 10, 'Noviembre', 2012, 187, '2014-08-17'),
(57, 9, 'Noviembre', 2013, 308, '2015-07-20'),
(57, 3, 'Noviembre', 2014, 277, '2015-06-11'),
(57, 9, 'Octubre', 2010, 278, '2014-04-09'),
(57, 5, 'Octubre', 2011, 205, '2015-07-11'),
(57, 6, 'Octubre', 2012, 391, '2014-04-26'),
(57, 2, 'Octubre', 2013, 340, '2015-05-23'),
(57, 10, 'Octubre', 2014, 124, '2015-08-22'),
(57, 1, 'Octubre', 2015, 104, '2015-03-09'),
(57, 1, 'Septiembre', 2010, 347, '2015-04-17'),
(57, 1, 'Septiembre', 2011, 123, '2014-05-06'),
(57, 9, 'Septiembre', 2012, 375, '2015-01-07'),
(57, 5, 'Septiembre', 2013, 202, '2013-08-12'),
(57, 4, 'Septiembre', 2014, 386, '2014-05-19'),
(57, 3, 'Septiembre', 2015, 325, '2015-01-13'),
(58, 6, 'Abril', 2010, 367, '2015-09-03'),
(58, 10, 'Abril', 2011, 159, '2014-08-14'),
(58, 6, 'Abril', 2012, 197, '2015-09-06'),
(58, 8, 'Abril', 2013, 105, '2015-05-27'),
(58, 8, 'Abril', 2014, 138, '2014-07-26'),
(58, 3, 'Abril', 2015, 276, '2014-08-20'),
(58, 4, 'Agosto', 2010, 263, '2014-11-26'),
(58, 8, 'Agosto', 2011, 389, '2015-04-22'),
(58, 6, 'Agosto', 2012, 152, '2014-12-14'),
(58, 2, 'Agosto', 2013, 398, '2015-01-27'),
(58, 3, 'Agosto', 2014, 228, '2014-09-17'),
(58, 7, 'Agosto', 2015, 149, '2015-03-31'),
(58, 6, 'Julio', 2010, 262, '2015-06-20'),
(58, 3, 'Julio', 2011, 161, '2015-05-08'),
(58, 9, 'Julio', 2012, 221, '2014-02-26'),
(58, 10, 'Julio', 2013, 220, '2013-08-12'),
(58, 5, 'Julio', 2014, 339, '2013-08-27'),
(58, 4, 'Julio', 2015, 331, '2013-11-23'),
(58, 7, 'Junio', 2010, 240, '2013-10-02'),
(58, 5, 'Junio', 2011, 106, '2014-06-04'),
(58, 3, 'Junio', 2012, 312, '2014-10-11'),
(58, 6, 'Junio', 2013, 241, '2013-12-30'),
(58, 5, 'Junio', 2014, 167, '2014-04-21'),
(58, 3, 'Junio', 2015, 315, '2013-12-04'),
(58, 1, 'Mayo', 2010, 371, '2014-12-31'),
(58, 10, 'Mayo', 2011, 209, '2014-04-14'),
(58, 6, 'Mayo', 2012, 132, '2013-10-24'),
(58, 3, 'Mayo', 2013, 236, '2015-02-02'),
(58, 10, 'Mayo', 2014, 384, '2013-09-26'),
(58, 7, 'Mayo', 2015, 211, '2013-08-01'),
(58, 8, 'Noviembre', 2010, 103, '2015-07-15'),
(58, 5, 'Noviembre', 2011, 386, '2013-11-23'),
(58, 1, 'Noviembre', 2012, 316, '2014-03-26'),
(58, 2, 'Noviembre', 2013, 321, '2015-05-26'),
(58, 3, 'Noviembre', 2014, 257, '2014-03-02'),
(58, 3, 'Octubre', 2010, 241, '2014-10-04'),
(58, 10, 'Octubre', 2011, 138, '2015-01-07'),
(58, 1, 'Octubre', 2012, 168, '2015-05-31'),
(58, 7, 'Octubre', 2013, 328, '2013-08-28'),
(58, 5, 'Octubre', 2014, 135, '2013-11-18'),
(58, 6, 'Octubre', 2015, 191, '2015-07-12'),
(58, 2, 'Septiembre', 2010, 151, '2015-04-26'),
(58, 9, 'Septiembre', 2011, 382, '2014-02-20'),
(58, 7, 'Septiembre', 2012, 154, '2015-06-09'),
(58, 10, 'Septiembre', 2013, 128, '2015-06-10'),
(58, 5, 'Septiembre', 2014, 377, '2015-08-02'),
(58, 7, 'Septiembre', 2015, 198, '2013-10-28'),
(59, 9, 'Abril', 2010, 363, '2013-12-25'),
(59, 2, 'Abril', 2011, 217, '2014-04-25'),
(59, 10, 'Abril', 2012, 199, '2015-03-02'),
(59, 9, 'Abril', 2013, 242, '2015-04-04'),
(59, 1, 'Abril', 2014, 214, '2014-10-17'),
(59, 10, 'Abril', 2015, 245, '2014-10-07'),
(59, 5, 'Agosto', 2010, 180, '2015-02-16'),
(59, 3, 'Agosto', 2011, 369, '2015-02-15'),
(59, 5, 'Agosto', 2012, 303, '2014-03-08'),
(59, 7, 'Agosto', 2013, 307, '2015-05-09'),
(59, 9, 'Agosto', 2014, 226, '2013-12-07'),
(59, 2, 'Agosto', 2015, 109, '2015-07-29'),
(59, 10, 'Julio', 2010, 371, '2014-03-22'),
(59, 1, 'Julio', 2011, 225, '2013-12-06'),
(59, 9, 'Julio', 2012, 211, '2015-05-26'),
(59, 6, 'Julio', 2013, 283, '2015-08-21'),
(59, 2, 'Julio', 2014, 382, '2014-11-19'),
(59, 6, 'Julio', 2015, 358, '2013-10-23'),
(59, 1, 'Junio', 2010, 245, '2013-09-23'),
(59, 7, 'Junio', 2011, 352, '2014-09-24'),
(59, 2, 'Junio', 2012, 323, '2013-09-04'),
(59, 3, 'Junio', 2013, 159, '2013-12-25'),
(59, 2, 'Junio', 2014, 326, '2014-06-05'),
(59, 5, 'Junio', 2015, 154, '2015-06-14'),
(59, 4, 'Mayo', 2010, 293, '2015-02-22'),
(59, 10, 'Mayo', 2011, 302, '2015-05-14'),
(59, 5, 'Mayo', 2012, 230, '2015-04-25'),
(59, 2, 'Mayo', 2013, 143, '2013-12-15'),
(59, 3, 'Mayo', 2014, 228, '2014-01-09'),
(59, 2, 'Mayo', 2015, 309, '2014-07-29'),
(59, 3, 'Noviembre', 2010, 159, '2014-01-11'),
(59, 8, 'Noviembre', 2011, 373, '2015-05-14'),
(59, 4, 'Noviembre', 2012, 385, '2014-08-25'),
(59, 6, 'Noviembre', 2013, 106, '2015-07-06'),
(59, 2, 'Noviembre', 2014, 176, '2013-12-25'),
(59, 2, 'Octubre', 2010, 177, '2014-02-27'),
(59, 8, 'Octubre', 2011, 305, '2014-10-07'),
(59, 10, 'Octubre', 2012, 290, '2013-09-26'),
(59, 6, 'Octubre', 2013, 137, '2013-07-21'),
(59, 3, 'Octubre', 2014, 318, '2015-08-28'),
(59, 8, 'Octubre', 2015, 174, '2013-07-23'),
(59, 1, 'Septiembre', 2010, 117, '2014-02-25'),
(59, 2, 'Septiembre', 2011, 266, '2015-02-02'),
(59, 9, 'Septiembre', 2012, 278, '2015-07-14'),
(59, 5, 'Septiembre', 2013, 192, '2014-11-08'),
(59, 5, 'Septiembre', 2014, 325, '2014-04-30'),
(59, 6, 'Septiembre', 2015, 348, '2014-09-18'),
(60, 6, 'Abril', 2010, 367, '2015-04-26'),
(60, 4, 'Abril', 2011, 389, '2013-07-22'),
(60, 1, 'Abril', 2012, 143, '2014-10-27'),
(60, 9, 'Abril', 2013, 353, '2014-07-24'),
(60, 4, 'Abril', 2014, 331, '2014-06-18'),
(60, 3, 'Abril', 2015, 196, '2015-08-30'),
(60, 6, 'Agosto', 2010, 190, '2014-12-05'),
(60, 9, 'Agosto', 2011, 262, '2014-03-24'),
(60, 7, 'Agosto', 2012, 337, '2015-06-25'),
(60, 10, 'Agosto', 2013, 200, '2014-04-27'),
(60, 4, 'Agosto', 2014, 189, '2014-07-25'),
(60, 9, 'Agosto', 2015, 248, '2015-01-22'),
(60, 10, 'Julio', 2010, 270, '2015-03-12'),
(60, 9, 'Julio', 2011, 207, '2014-02-18'),
(60, 4, 'Julio', 2012, 123, '2014-01-21'),
(60, 9, 'Julio', 2013, 197, '2014-08-18'),
(60, 2, 'Julio', 2014, 214, '2014-03-23'),
(60, 8, 'Julio', 2015, 378, '2014-08-07'),
(60, 1, 'Junio', 2010, 249, '2013-11-28'),
(60, 6, 'Junio', 2011, 311, '2015-07-25'),
(60, 10, 'Junio', 2012, 109, '2014-02-20'),
(60, 5, 'Junio', 2013, 112, '2015-06-29'),
(60, 10, 'Junio', 2014, 135, '2015-03-14'),
(60, 10, 'Junio', 2015, 239, '2014-07-31'),
(60, 6, 'Mayo', 2010, 388, '2014-03-01'),
(60, 4, 'Mayo', 2011, 220, '2014-07-16'),
(60, 3, 'Mayo', 2012, 138, '2015-01-03'),
(60, 5, 'Mayo', 2013, 230, '2014-01-20'),
(60, 5, 'Mayo', 2014, 339, '2014-10-28'),
(60, 6, 'Mayo', 2015, 300, '2014-07-03'),
(60, 5, 'Noviembre', 2010, 386, '2015-09-23'),
(60, 3, 'Noviembre', 2011, 326, '2013-08-14'),
(60, 5, 'Noviembre', 2012, 372, '2015-04-18'),
(60, 1, 'Noviembre', 2013, 181, '2013-07-24'),
(60, 5, 'Noviembre', 2014, 294, '2013-08-09'),
(60, 10, 'Octubre', 2010, 137, '2015-08-11'),
(60, 4, 'Octubre', 2011, 215, '2015-04-30'),
(60, 10, 'Octubre', 2012, 263, '2015-01-24'),
(60, 9, 'Octubre', 2013, 269, '2014-10-18'),
(60, 7, 'Octubre', 2014, 157, '2013-07-29'),
(60, 7, 'Octubre', 2015, 180, '2015-03-04'),
(60, 3, 'Septiembre', 2010, 331, '2013-12-23'),
(60, 6, 'Septiembre', 2011, 110, '2015-01-01'),
(60, 2, 'Septiembre', 2012, 361, '2015-05-28'),
(60, 7, 'Septiembre', 2013, 173, '2015-09-08'),
(60, 5, 'Septiembre', 2014, 283, '2014-03-26'),
(60, 5, 'Septiembre', 2015, 197, '2015-02-10'),
(61, 2, 'Abril', 2010, 336, '2013-11-24'),
(61, 10, 'Abril', 2011, 388, '2015-03-21'),
(61, 6, 'Abril', 2012, 229, '2015-04-17'),
(61, 2, 'Abril', 2013, 183, '2014-01-19'),
(61, 8, 'Abril', 2014, 128, '2015-09-11'),
(61, 8, 'Abril', 2015, 292, '2014-03-16'),
(61, 9, 'Agosto', 2010, 375, '2013-11-12'),
(61, 4, 'Agosto', 2011, 298, '2014-04-23'),
(61, 9, 'Agosto', 2012, 267, '2015-09-07'),
(61, 2, 'Agosto', 2013, 339, '2015-03-02'),
(61, 1, 'Agosto', 2014, 194, '2015-06-23'),
(61, 3, 'Agosto', 2015, 154, '2014-10-15'),
(61, 4, 'Julio', 2010, 387, '2014-03-23'),
(61, 7, 'Julio', 2011, 173, '2015-07-14'),
(61, 9, 'Julio', 2012, 206, '2014-02-14'),
(61, 2, 'Julio', 2013, 109, '2014-12-28'),
(61, 1, 'Julio', 2014, 127, '2014-12-23'),
(61, 5, 'Julio', 2015, 211, '2014-08-31'),
(61, 5, 'Junio', 2010, 273, '2014-05-24'),
(61, 2, 'Junio', 2011, 332, '2015-05-13'),
(61, 8, 'Junio', 2012, 138, '2015-08-30'),
(61, 4, 'Junio', 2013, 197, '2015-07-02'),
(61, 10, 'Junio', 2014, 172, '2014-04-09'),
(61, 8, 'Junio', 2015, 169, '2014-06-23'),
(61, 8, 'Mayo', 2010, 227, '2015-06-12'),
(61, 6, 'Mayo', 2011, 229, '2014-02-07'),
(61, 3, 'Mayo', 2012, 367, '2015-09-11'),
(61, 3, 'Mayo', 2013, 142, '2015-01-18'),
(61, 10, 'Mayo', 2014, 111, '2014-06-07'),
(61, 10, 'Mayo', 2015, 333, '2015-08-05'),
(61, 9, 'Noviembre', 2010, 328, '2013-07-21'),
(61, 4, 'Noviembre', 2011, 240, '2015-03-22'),
(61, 6, 'Noviembre', 2012, 119, '2013-11-04'),
(61, 10, 'Noviembre', 2013, 376, '2014-03-05'),
(61, 6, 'Noviembre', 2014, 221, '2014-05-07'),
(61, 4, 'Octubre', 2010, 123, '2014-07-27'),
(61, 5, 'Octubre', 2011, 285, '2015-09-15'),
(61, 4, 'Octubre', 2012, 356, '2014-03-20'),
(61, 3, 'Octubre', 2013, 224, '2015-07-22'),
(61, 6, 'Octubre', 2014, 253, '2013-12-23'),
(61, 9, 'Octubre', 2015, 194, '2013-08-10'),
(61, 8, 'Septiembre', 2010, 110, '2015-09-03'),
(61, 9, 'Septiembre', 2011, 170, '2014-07-07'),
(61, 8, 'Septiembre', 2012, 120, '2014-01-02'),
(61, 3, 'Septiembre', 2013, 289, '2015-06-28'),
(61, 7, 'Septiembre', 2014, 386, '2014-04-13'),
(61, 3, 'Septiembre', 2015, 362, '2013-07-25'),
(62, 7, 'Abril', 2010, 252, '2015-01-29'),
(62, 6, 'Abril', 2011, 374, '2013-11-22'),
(62, 2, 'Abril', 2012, 111, '2015-06-22'),
(62, 7, 'Abril', 2013, 235, '2013-10-19'),
(62, 2, 'Abril', 2014, 143, '2014-10-24'),
(62, 6, 'Abril', 2015, 210, '2013-12-29'),
(62, 9, 'Agosto', 2010, 222, '2015-02-01'),
(62, 6, 'Agosto', 2011, 378, '2014-03-17'),
(62, 6, 'Agosto', 2012, 224, '2013-12-22'),
(62, 10, 'Agosto', 2013, 185, '2014-11-12'),
(62, 3, 'Agosto', 2014, 156, '2015-07-29'),
(62, 9, 'Agosto', 2015, 127, '2015-06-29'),
(62, 10, 'Julio', 2010, 365, '2015-03-13'),
(62, 2, 'Julio', 2011, 141, '2014-05-16'),
(62, 8, 'Julio', 2012, 111, '2015-07-12'),
(62, 9, 'Julio', 2013, 336, '2014-02-05'),
(62, 6, 'Julio', 2014, 345, '2015-03-22'),
(62, 1, 'Julio', 2015, 316, '2014-06-28'),
(62, 7, 'Junio', 2010, 142, '2015-03-09'),
(62, 3, 'Junio', 2011, 268, '2014-01-17'),
(62, 1, 'Junio', 2012, 211, '2013-11-03'),
(62, 10, 'Junio', 2013, 152, '2014-12-17'),
(62, 1, 'Junio', 2014, 327, '2013-08-20'),
(62, 8, 'Junio', 2015, 179, '2015-06-29'),
(62, 6, 'Mayo', 2010, 113, '2013-10-20'),
(62, 5, 'Mayo', 2011, 232, '2015-08-19'),
(62, 9, 'Mayo', 2012, 118, '2013-08-10'),
(62, 6, 'Mayo', 2013, 396, '2014-11-05'),
(62, 7, 'Mayo', 2014, 322, '2015-04-10'),
(62, 7, 'Mayo', 2015, 323, '2013-10-29'),
(62, 9, 'Noviembre', 2010, 249, '2013-12-15'),
(62, 9, 'Noviembre', 2011, 177, '2014-01-13'),
(62, 10, 'Noviembre', 2012, 340, '2015-07-13'),
(62, 4, 'Noviembre', 2013, 166, '2014-09-13'),
(62, 6, 'Noviembre', 2014, 314, '2015-02-10'),
(62, 2, 'Octubre', 2010, 212, '2014-05-27'),
(62, 6, 'Octubre', 2011, 148, '2013-09-20'),
(62, 2, 'Octubre', 2012, 306, '2015-05-23'),
(62, 4, 'Octubre', 2013, 385, '2014-03-22'),
(62, 4, 'Octubre', 2014, 304, '2013-08-05'),
(62, 5, 'Octubre', 2015, 268, '2014-07-25'),
(62, 6, 'Septiembre', 2010, 325, '2014-04-13'),
(62, 2, 'Septiembre', 2011, 121, '2014-06-25'),
(62, 2, 'Septiembre', 2012, 132, '2013-12-19'),
(62, 6, 'Septiembre', 2013, 200, '2015-05-19'),
(62, 8, 'Septiembre', 2014, 201, '2015-05-09'),
(62, 7, 'Septiembre', 2015, 307, '2014-07-02'),
(63, 10, 'Abril', 2010, 228, '2013-10-28'),
(63, 10, 'Abril', 2011, 120, '2013-08-01'),
(63, 1, 'Abril', 2012, 118, '2013-07-24'),
(63, 7, 'Abril', 2013, 130, '2013-10-24'),
(63, 10, 'Abril', 2014, 197, '2014-12-20'),
(63, 7, 'Abril', 2015, 194, '2015-02-23'),
(63, 2, 'Agosto', 2010, 282, '2014-04-11'),
(63, 7, 'Agosto', 2011, 124, '2014-07-14'),
(63, 6, 'Agosto', 2012, 275, '2013-10-22'),
(63, 8, 'Agosto', 2013, 304, '2014-07-01'),
(63, 4, 'Agosto', 2014, 296, '2014-10-10'),
(63, 6, 'Agosto', 2015, 165, '2014-01-08'),
(63, 9, 'Julio', 2010, 139, '2015-08-21'),
(63, 6, 'Julio', 2011, 100, '2013-07-19'),
(63, 8, 'Julio', 2012, 286, '2014-04-26'),
(63, 9, 'Julio', 2013, 126, '2013-12-23'),
(63, 6, 'Julio', 2014, 273, '2014-03-04'),
(63, 8, 'Julio', 2015, 287, '2014-11-18'),
(63, 1, 'Junio', 2010, 217, '2015-01-30'),
(63, 1, 'Junio', 2011, 123, '2015-07-18'),
(63, 1, 'Junio', 2012, 164, '2013-11-06'),
(63, 3, 'Junio', 2013, 352, '2014-08-30'),
(63, 9, 'Junio', 2014, 264, '2013-10-10'),
(63, 5, 'Junio', 2015, 168, '2014-11-25'),
(63, 8, 'Mayo', 2010, 247, '2014-08-07'),
(63, 10, 'Mayo', 2011, 332, '2015-05-21'),
(63, 2, 'Mayo', 2012, 219, '2013-12-20'),
(63, 7, 'Mayo', 2013, 298, '2015-06-10'),
(63, 10, 'Mayo', 2014, 134, '2013-08-20'),
(63, 4, 'Mayo', 2015, 279, '2015-09-11'),
(63, 2, 'Noviembre', 2010, 289, '2013-10-04'),
(63, 7, 'Noviembre', 2011, 206, '2014-05-26'),
(63, 6, 'Noviembre', 2012, 368, '2014-11-13'),
(63, 6, 'Noviembre', 2013, 218, '2015-03-29'),
(63, 8, 'Noviembre', 2014, 187, '2014-12-18'),
(63, 10, 'Octubre', 2010, 247, '2014-06-22'),
(63, 4, 'Octubre', 2011, 289, '2013-10-08'),
(63, 9, 'Octubre', 2012, 302, '2015-03-12'),
(63, 6, 'Octubre', 2013, 246, '2014-08-31'),
(63, 4, 'Octubre', 2014, 221, '2014-11-22'),
(63, 1, 'Octubre', 2015, 270, '2014-06-27'),
(63, 2, 'Septiembre', 2010, 284, '2015-01-28'),
(63, 2, 'Septiembre', 2011, 212, '2014-03-26'),
(63, 3, 'Septiembre', 2012, 107, '2014-02-20'),
(63, 8, 'Septiembre', 2013, 102, '2014-01-14'),
(63, 8, 'Septiembre', 2014, 388, '2015-01-23'),
(63, 7, 'Septiembre', 2015, 331, '2014-05-26'),
(64, 4, 'Abril', 2010, 391, '2013-10-22'),
(64, 3, 'Abril', 2011, 263, '2014-11-16'),
(64, 1, 'Abril', 2012, 342, '2014-06-18'),
(64, 5, 'Abril', 2013, 221, '2013-11-20'),
(64, 10, 'Abril', 2014, 277, '2013-12-20'),
(64, 7, 'Abril', 2015, 325, '2014-05-10'),
(64, 3, 'Agosto', 2010, 394, '2013-11-26'),
(64, 3, 'Agosto', 2011, 293, '2014-11-09'),
(64, 2, 'Agosto', 2012, 184, '2014-08-06'),
(64, 8, 'Agosto', 2013, 242, '2014-03-18'),
(64, 3, 'Agosto', 2014, 256, '2014-05-31'),
(64, 9, 'Agosto', 2015, 155, '2014-08-27'),
(64, 1, 'Julio', 2010, 207, '2014-03-12'),
(64, 7, 'Julio', 2011, 169, '2014-09-04'),
(64, 5, 'Julio', 2012, 127, '2014-05-18'),
(64, 1, 'Julio', 2013, 329, '2014-09-09'),
(64, 5, 'Julio', 2014, 261, '2014-11-14'),
(64, 8, 'Julio', 2015, 217, '2014-02-26'),
(64, 5, 'Junio', 2010, 202, '2013-11-15'),
(64, 9, 'Junio', 2011, 259, '2014-10-17'),
(64, 8, 'Junio', 2012, 290, '2014-12-12'),
(64, 9, 'Junio', 2013, 273, '2015-05-10'),
(64, 8, 'Junio', 2014, 395, '2015-07-08'),
(64, 7, 'Junio', 2015, 155, '2015-01-11'),
(64, 3, 'Mayo', 2010, 390, '2013-08-10'),
(64, 2, 'Mayo', 2011, 185, '2013-12-08'),
(64, 6, 'Mayo', 2012, 255, '2014-11-20'),
(64, 4, 'Mayo', 2013, 319, '2013-12-22'),
(64, 4, 'Mayo', 2014, 130, '2013-11-18'),
(64, 8, 'Mayo', 2015, 195, '2013-08-12'),
(64, 8, 'Noviembre', 2010, 184, '2014-05-31'),
(64, 6, 'Noviembre', 2011, 237, '2014-10-10'),
(64, 2, 'Noviembre', 2012, 230, '2014-01-20'),
(64, 2, 'Noviembre', 2013, 339, '2014-08-02'),
(64, 8, 'Noviembre', 2014, 305, '2015-04-11'),
(64, 9, 'Octubre', 2010, 115, '2014-11-24'),
(64, 10, 'Octubre', 2011, 162, '2013-08-12'),
(64, 5, 'Octubre', 2012, 362, '2015-05-15'),
(64, 3, 'Octubre', 2013, 325, '2015-04-19'),
(64, 7, 'Octubre', 2014, 136, '2014-10-08'),
(64, 9, 'Octubre', 2015, 206, '2013-12-01'),
(64, 6, 'Septiembre', 2010, 225, '2015-04-10'),
(64, 6, 'Septiembre', 2011, 104, '2013-08-31'),
(64, 4, 'Septiembre', 2012, 349, '2013-11-21'),
(64, 3, 'Septiembre', 2013, 130, '2013-10-19'),
(64, 3, 'Septiembre', 2014, 105, '2013-10-15'),
(64, 9, 'Septiembre', 2015, 338, '2015-04-18'),
(65, 9, 'Abril', 2010, 373, '2014-03-14'),
(65, 9, 'Abril', 2011, 147, '2014-01-09'),
(65, 1, 'Abril', 2012, 120, '2014-08-23'),
(65, 7, 'Abril', 2013, 361, '2014-01-30'),
(65, 9, 'Abril', 2014, 140, '2013-09-20'),
(65, 3, 'Abril', 2015, 120, '2015-04-26'),
(65, 3, 'Agosto', 2010, 380, '2014-04-30'),
(65, 1, 'Agosto', 2011, 239, '2014-05-23'),
(65, 10, 'Agosto', 2012, 255, '2014-02-17'),
(65, 3, 'Agosto', 2013, 157, '2013-08-09'),
(65, 1, 'Agosto', 2014, 221, '2013-08-05'),
(65, 6, 'Agosto', 2015, 236, '2013-09-15'),
(65, 7, 'Julio', 2010, 113, '2014-06-11'),
(65, 6, 'Julio', 2011, 363, '2015-06-05'),
(65, 2, 'Julio', 2012, 170, '2015-01-14'),
(65, 6, 'Julio', 2013, 263, '2014-05-27'),
(65, 2, 'Julio', 2014, 105, '2015-06-29'),
(65, 9, 'Julio', 2015, 238, '2014-11-03'),
(65, 9, 'Junio', 2010, 174, '2014-03-21'),
(65, 2, 'Junio', 2011, 359, '2015-05-13'),
(65, 4, 'Junio', 2012, 270, '2013-09-29'),
(65, 10, 'Junio', 2013, 173, '2015-09-04'),
(65, 6, 'Junio', 2014, 257, '2014-04-06'),
(65, 4, 'Junio', 2015, 363, '2013-08-11'),
(65, 8, 'Mayo', 2010, 344, '2014-05-29'),
(65, 10, 'Mayo', 2011, 231, '2015-08-12'),
(65, 10, 'Mayo', 2012, 325, '2015-06-25'),
(65, 2, 'Mayo', 2013, 229, '2014-03-06'),
(65, 10, 'Mayo', 2014, 371, '2014-01-25'),
(65, 3, 'Mayo', 2015, 167, '2014-04-26'),
(65, 10, 'Noviembre', 2010, 226, '2015-03-31'),
(65, 6, 'Noviembre', 2011, 225, '2014-06-05'),
(65, 2, 'Noviembre', 2012, 350, '2014-03-26'),
(65, 4, 'Noviembre', 2013, 373, '2014-03-13'),
(65, 10, 'Noviembre', 2014, 111, '2014-04-02'),
(65, 4, 'Octubre', 2010, 177, '2014-04-10'),
(65, 3, 'Octubre', 2011, 360, '2014-06-11'),
(65, 2, 'Octubre', 2012, 267, '2015-05-30'),
(65, 1, 'Octubre', 2013, 156, '2013-08-04'),
(65, 1, 'Octubre', 2014, 180, '2015-03-07'),
(65, 8, 'Octubre', 2015, 331, '2013-11-26'),
(65, 2, 'Septiembre', 2010, 113, '2014-06-10'),
(65, 2, 'Septiembre', 2011, 375, '2014-08-16'),
(65, 6, 'Septiembre', 2012, 231, '2014-07-09'),
(65, 1, 'Septiembre', 2013, 235, '2014-02-21'),
(65, 10, 'Septiembre', 2014, 380, '2015-06-18'),
(65, 6, 'Septiembre', 2015, 192, '2015-02-06'),
(66, 6, 'Abril', 2010, 322, '2013-10-13'),
(66, 5, 'Abril', 2011, 332, '2015-06-06'),
(66, 6, 'Abril', 2012, 296, '2015-06-29'),
(66, 5, 'Abril', 2013, 383, '2015-07-01'),
(66, 2, 'Abril', 2014, 326, '2014-04-10'),
(66, 4, 'Abril', 2015, 381, '2014-10-02'),
(66, 1, 'Agosto', 2010, 224, '2014-08-05'),
(66, 4, 'Agosto', 2011, 182, '2015-08-03'),
(66, 7, 'Agosto', 2012, 136, '2015-01-15'),
(66, 5, 'Agosto', 2013, 334, '2014-07-15'),
(66, 3, 'Agosto', 2014, 262, '2015-05-14'),
(66, 2, 'Agosto', 2015, 209, '2014-03-06'),
(66, 1, 'Julio', 2010, 158, '2015-08-11'),
(66, 8, 'Julio', 2011, 366, '2014-05-24'),
(66, 4, 'Julio', 2012, 355, '2014-10-20'),
(66, 5, 'Julio', 2013, 274, '2014-07-02'),
(66, 9, 'Julio', 2014, 207, '2014-07-16'),
(66, 9, 'Julio', 2015, 112, '2014-08-25'),
(66, 5, 'Junio', 2010, 141, '2013-09-16'),
(66, 3, 'Junio', 2011, 268, '2015-02-10'),
(66, 3, 'Junio', 2012, 216, '2014-01-27'),
(66, 10, 'Junio', 2013, 177, '2013-08-17'),
(66, 8, 'Junio', 2014, 137, '2014-07-31'),
(66, 8, 'Junio', 2015, 357, '2015-05-21'),
(66, 2, 'Mayo', 2010, 369, '2015-05-16'),
(66, 5, 'Mayo', 2011, 375, '2013-10-15'),
(66, 9, 'Mayo', 2012, 365, '2014-07-10'),
(66, 9, 'Mayo', 2013, 303, '2015-03-12'),
(66, 9, 'Mayo', 2014, 319, '2013-12-15'),
(66, 10, 'Mayo', 2015, 286, '2015-03-14'),
(66, 7, 'Noviembre', 2010, 374, '2015-02-15'),
(66, 4, 'Noviembre', 2011, 310, '2015-02-06'),
(66, 2, 'Noviembre', 2012, 327, '2014-04-28'),
(66, 2, 'Noviembre', 2013, 303, '2014-03-09'),
(66, 8, 'Noviembre', 2014, 137, '2015-06-17'),
(66, 9, 'Octubre', 2010, 278, '2015-05-18'),
(66, 7, 'Octubre', 2011, 156, '2014-01-25'),
(66, 6, 'Octubre', 2012, 148, '2014-08-31'),
(66, 5, 'Octubre', 2013, 172, '2014-09-09'),
(66, 5, 'Octubre', 2014, 318, '2013-08-05'),
(66, 10, 'Octubre', 2015, 370, '2015-02-28'),
(66, 6, 'Septiembre', 2010, 198, '2014-12-01'),
(66, 9, 'Septiembre', 2011, 379, '2013-10-02'),
(66, 3, 'Septiembre', 2012, 298, '2015-02-10'),
(66, 6, 'Septiembre', 2013, 254, '2014-12-24'),
(66, 7, 'Septiembre', 2014, 278, '2013-10-13'),
(66, 3, 'Septiembre', 2015, 225, '2013-08-11'),
(67, 2, 'Abril', 2010, 193, '2015-07-20'),
(67, 8, 'Abril', 2011, 192, '2015-08-06'),
(67, 3, 'Abril', 2012, 281, '2013-12-12'),
(67, 8, 'Abril', 2013, 129, '2014-08-17'),
(67, 2, 'Abril', 2014, 302, '2014-09-07'),
(67, 9, 'Abril', 2015, 123, '2014-03-09'),
(67, 2, 'Agosto', 2010, 209, '2014-07-03'),
(67, 7, 'Agosto', 2011, 276, '2015-05-06'),
(67, 10, 'Agosto', 2012, 354, '2015-06-24'),
(67, 4, 'Agosto', 2013, 238, '2014-07-30'),
(67, 8, 'Agosto', 2014, 331, '2015-07-22'),
(67, 3, 'Agosto', 2015, 241, '2015-02-09'),
(67, 9, 'Julio', 2010, 113, '2013-08-03'),
(67, 6, 'Julio', 2011, 343, '2014-07-28'),
(67, 2, 'Julio', 2012, 372, '2015-09-21'),
(67, 8, 'Julio', 2013, 130, '2015-05-21'),
(67, 1, 'Julio', 2014, 337, '2014-06-13'),
(67, 1, 'Julio', 2015, 295, '2014-05-31'),
(67, 10, 'Junio', 2010, 364, '2015-02-28'),
(67, 7, 'Junio', 2011, 233, '2014-12-10'),
(67, 8, 'Junio', 2012, 276, '2013-10-17'),
(67, 6, 'Junio', 2013, 281, '2015-08-11'),
(67, 9, 'Junio', 2014, 176, '2014-05-20'),
(67, 1, 'Junio', 2015, 238, '2013-12-21'),
(67, 8, 'Mayo', 2010, 263, '2014-04-24'),
(67, 4, 'Mayo', 2011, 199, '2013-11-04'),
(67, 10, 'Mayo', 2012, 106, '2014-08-16'),
(67, 7, 'Mayo', 2013, 137, '2015-02-03'),
(67, 9, 'Mayo', 2014, 264, '2014-01-21'),
(67, 4, 'Mayo', 2015, 210, '2015-01-27'),
(67, 5, 'Noviembre', 2010, 158, '2015-03-01'),
(67, 7, 'Noviembre', 2011, 362, '2013-11-06'),
(67, 6, 'Noviembre', 2012, 331, '2013-12-18'),
(67, 2, 'Noviembre', 2013, 171, '2014-12-07'),
(67, 5, 'Noviembre', 2014, 364, '2014-09-05'),
(67, 3, 'Octubre', 2010, 333, '2015-02-23'),
(67, 4, 'Octubre', 2011, 350, '2015-02-09'),
(67, 2, 'Octubre', 2012, 351, '2014-05-17'),
(67, 1, 'Octubre', 2013, 304, '2013-09-04'),
(67, 2, 'Octubre', 2014, 366, '2014-12-13'),
(67, 8, 'Septiembre', 2010, 199, '2015-05-14'),
(67, 9, 'Septiembre', 2011, 238, '2013-08-14'),
(67, 8, 'Septiembre', 2012, 191, '2014-04-22'),
(67, 10, 'Septiembre', 2013, 141, '2015-06-12'),
(67, 3, 'Septiembre', 2014, 333, '2013-08-10'),
(67, 10, 'Septiembre', 2015, 240, '2015-06-25'),
(68, 2, 'Abril', 2010, 102, '2014-09-15'),
(68, 2, 'Abril', 2011, 291, '2014-11-14'),
(68, 6, 'Abril', 2012, 148, '2013-10-03'),
(68, 1, 'Abril', 2013, 367, '2014-06-25'),
(68, 10, 'Abril', 2014, 390, '2014-11-07'),
(68, 6, 'Abril', 2015, 150, '2013-12-15'),
(68, 1, 'Agosto', 2010, 380, '2013-07-22'),
(68, 7, 'Agosto', 2011, 147, '2014-12-12'),
(68, 4, 'Agosto', 2012, 100, '2013-11-09'),
(68, 6, 'Agosto', 2013, 258, '2013-10-14'),
(68, 5, 'Agosto', 2014, 288, '2013-07-21'),
(68, 10, 'Agosto', 2015, 266, '2014-04-18'),
(68, 2, 'Julio', 2010, 366, '2013-09-23'),
(68, 7, 'Julio', 2011, 330, '2014-11-17'),
(68, 6, 'Julio', 2012, 154, '2014-07-05'),
(68, 9, 'Julio', 2013, 281, '2015-04-19'),
(68, 4, 'Julio', 2014, 241, '2013-10-11'),
(68, 9, 'Julio', 2015, 264, '2015-09-05'),
(68, 2, 'Junio', 2010, 195, '2015-01-17'),
(68, 2, 'Junio', 2011, 384, '2014-03-25'),
(68, 7, 'Junio', 2012, 334, '2014-08-24'),
(68, 3, 'Junio', 2013, 116, '2015-04-24'),
(68, 6, 'Junio', 2014, 384, '2015-09-20'),
(68, 10, 'Junio', 2015, 266, '2014-11-25'),
(68, 8, 'Mayo', 2010, 380, '2015-02-10'),
(68, 6, 'Mayo', 2011, 102, '2014-12-29'),
(68, 7, 'Mayo', 2012, 171, '2014-11-12'),
(68, 2, 'Mayo', 2013, 150, '2014-05-01'),
(68, 4, 'Mayo', 2014, 137, '2014-09-07'),
(68, 4, 'Mayo', 2015, 136, '2015-07-06'),
(68, 1, 'Noviembre', 2010, 169, '2014-01-15'),
(68, 3, 'Noviembre', 2011, 337, '2015-01-16'),
(68, 6, 'Noviembre', 2012, 175, '2014-10-29'),
(68, 4, 'Noviembre', 2013, 368, '2014-05-15'),
(68, 2, 'Noviembre', 2014, 311, '2014-04-14'),
(68, 5, 'Octubre', 2010, 131, '2015-02-24'),
(68, 8, 'Octubre', 2011, 400, '2015-08-22'),
(68, 10, 'Octubre', 2012, 304, '2015-03-08'),
(68, 8, 'Octubre', 2013, 219, '2013-08-22'),
(68, 4, 'Octubre', 2014, 385, '2014-05-11'),
(68, 4, 'Septiembre', 2010, 377, '2014-09-07'),
(68, 10, 'Septiembre', 2011, 386, '2014-12-29'),
(68, 1, 'Septiembre', 2012, 398, '2015-06-01'),
(68, 7, 'Septiembre', 2013, 129, '2014-07-18'),
(68, 7, 'Septiembre', 2014, 254, '2014-08-25'),
(68, 4, 'Septiembre', 2015, 181, '2013-08-24'),
(69, 5, 'Abril', 2010, 347, '2015-03-20'),
(69, 9, 'Abril', 2011, 189, '2014-03-26'),
(69, 2, 'Abril', 2012, 106, '2014-10-10'),
(69, 6, 'Abril', 2013, 164, '2014-08-18'),
(69, 10, 'Abril', 2014, 100, '2014-08-17'),
(69, 4, 'Abril', 2015, 213, '2013-11-26'),
(69, 2, 'Agosto', 2010, 361, '2015-07-23'),
(69, 6, 'Agosto', 2011, 164, '2013-10-03'),
(69, 7, 'Agosto', 2012, 241, '2015-07-17'),
(69, 6, 'Agosto', 2013, 313, '2014-05-21'),
(69, 1, 'Agosto', 2014, 139, '2013-10-30'),
(69, 2, 'Agosto', 2015, 258, '2013-10-04'),
(69, 6, 'Julio', 2010, 174, '2013-10-02'),
(69, 4, 'Julio', 2011, 295, '2013-12-10'),
(69, 2, 'Julio', 2012, 252, '2015-09-19'),
(69, 5, 'Julio', 2013, 277, '2014-06-20'),
(69, 7, 'Julio', 2014, 226, '2015-08-16'),
(69, 5, 'Julio', 2015, 203, '2014-09-09'),
(69, 8, 'Junio', 2010, 235, '2015-09-18'),
(69, 3, 'Junio', 2011, 166, '2015-07-05'),
(69, 4, 'Junio', 2012, 325, '2013-08-31'),
(69, 6, 'Junio', 2013, 127, '2014-02-08'),
(69, 1, 'Junio', 2014, 164, '2015-09-23'),
(69, 3, 'Junio', 2015, 336, '2015-05-31'),
(69, 9, 'Mayo', 2010, 186, '2013-10-29'),
(69, 10, 'Mayo', 2011, 124, '2014-10-13'),
(69, 1, 'Mayo', 2012, 264, '2015-02-11'),
(69, 8, 'Mayo', 2013, 247, '2013-08-22'),
(69, 6, 'Mayo', 2014, 343, '2014-01-01'),
(69, 7, 'Mayo', 2015, 274, '2014-09-29'),
(69, 8, 'Noviembre', 2010, 241, '2015-01-12'),
(69, 10, 'Noviembre', 2011, 282, '2014-02-20'),
(69, 6, 'Noviembre', 2012, 287, '2014-07-11'),
(69, 5, 'Noviembre', 2013, 188, '2014-08-04'),
(69, 3, 'Noviembre', 2014, 280, '2013-10-26'),
(69, 6, 'Octubre', 2010, 340, '2014-09-29'),
(69, 1, 'Octubre', 2011, 293, '2015-09-15'),
(69, 6, 'Octubre', 2012, 343, '2013-11-22'),
(69, 5, 'Octubre', 2013, 135, '2013-10-08'),
(69, 6, 'Octubre', 2014, 147, '2015-08-28'),
(69, 8, 'Septiembre', 2010, 308, '2014-07-28'),
(69, 1, 'Septiembre', 2011, 148, '2015-04-12'),
(69, 8, 'Septiembre', 2012, 321, '2014-12-31'),
(69, 1, 'Septiembre', 2013, 158, '2015-02-26'),
(69, 2, 'Septiembre', 2014, 330, '2015-07-18'),
(69, 8, 'Septiembre', 2015, 172, '2014-01-03'),
(70, 7, 'Abril', 2010, 371, '2014-02-14'),
(70, 2, 'Abril', 2011, 339, '2015-03-29'),
(70, 9, 'Abril', 2012, 179, '2015-03-14'),
(70, 6, 'Abril', 2013, 384, '2014-10-07'),
(70, 2, 'Abril', 2014, 378, '2014-03-09'),
(70, 3, 'Abril', 2015, 337, '2014-05-15'),
(70, 8, 'Agosto', 2010, 150, '2014-04-06'),
(70, 2, 'Agosto', 2011, 242, '2014-04-02'),
(70, 6, 'Agosto', 2012, 362, '2013-07-21'),
(70, 8, 'Agosto', 2013, 379, '2014-11-03'),
(70, 2, 'Agosto', 2014, 110, '2014-02-04'),
(70, 8, 'Agosto', 2015, 215, '2013-11-29'),
(70, 4, 'Julio', 2010, 343, '2015-07-07'),
(70, 7, 'Julio', 2011, 369, '2015-09-15'),
(70, 1, 'Julio', 2012, 116, '2015-01-15'),
(70, 7, 'Julio', 2013, 277, '2015-09-16'),
(70, 9, 'Julio', 2014, 336, '2014-10-25'),
(70, 6, 'Julio', 2015, 147, '2015-02-22'),
(70, 5, 'Junio', 2010, 231, '2014-03-28'),
(70, 3, 'Junio', 2011, 313, '2014-08-15'),
(70, 8, 'Junio', 2012, 170, '2015-03-17'),
(70, 3, 'Junio', 2013, 113, '2014-07-25'),
(70, 7, 'Junio', 2014, 255, '2015-04-01'),
(70, 3, 'Junio', 2015, 236, '2015-01-15'),
(70, 8, 'Mayo', 2010, 313, '2014-07-25'),
(70, 10, 'Mayo', 2011, 156, '2014-03-02'),
(70, 3, 'Mayo', 2012, 346, '2013-11-06'),
(70, 10, 'Mayo', 2013, 259, '2014-08-12'),
(70, 4, 'Mayo', 2014, 157, '2014-02-25'),
(70, 5, 'Mayo', 2015, 208, '2013-08-29'),
(70, 5, 'Noviembre', 2010, 170, '2015-06-25'),
(70, 1, 'Noviembre', 2011, 126, '2014-10-28'),
(70, 7, 'Noviembre', 2012, 322, '2015-06-30'),
(70, 6, 'Noviembre', 2013, 231, '2014-07-15'),
(70, 1, 'Noviembre', 2014, 388, '2014-01-14'),
(70, 7, 'Octubre', 2010, 256, '2013-11-05'),
(70, 8, 'Octubre', 2011, 149, '2014-07-05'),
(70, 4, 'Octubre', 2012, 181, '2014-09-15'),
(70, 8, 'Octubre', 2013, 355, '2014-08-22'),
(70, 2, 'Octubre', 2014, 231, '2015-04-05'),
(70, 8, 'Octubre', 2015, 292, '2013-09-21'),
(70, 3, 'Septiembre', 2010, 367, '2015-07-14'),
(70, 3, 'Septiembre', 2011, 258, '2014-04-12'),
(70, 1, 'Septiembre', 2012, 389, '2014-04-15'),
(70, 9, 'Septiembre', 2013, 167, '2013-10-05'),
(70, 7, 'Septiembre', 2014, 171, '2015-04-11'),
(70, 8, 'Septiembre', 2015, 256, '2014-10-10'),
(71, 2, 'Abril', 2010, 366, '2014-01-16'),
(71, 9, 'Abril', 2011, 359, '2014-07-02'),
(71, 8, 'Abril', 2012, 298, '2015-04-27'),
(71, 4, 'Abril', 2013, 313, '2013-07-23'),
(71, 4, 'Abril', 2014, 271, '2014-12-05'),
(71, 9, 'Abril', 2015, 315, '2014-04-27'),
(71, 8, 'Agosto', 2010, 361, '2015-05-27'),
(71, 5, 'Agosto', 2011, 159, '2015-01-11'),
(71, 8, 'Agosto', 2012, 213, '2014-04-24'),
(71, 10, 'Agosto', 2013, 189, '2015-03-03'),
(71, 6, 'Agosto', 2014, 208, '2015-06-13'),
(71, 5, 'Agosto', 2015, 374, '2014-09-08'),
(71, 10, 'Julio', 2010, 242, '2014-06-01'),
(71, 7, 'Julio', 2011, 288, '2014-06-09'),
(71, 5, 'Julio', 2012, 317, '2015-05-26'),
(71, 10, 'Julio', 2013, 317, '2015-04-15'),
(71, 5, 'Julio', 2014, 236, '2015-02-25'),
(71, 9, 'Julio', 2015, 130, '2014-03-10'),
(71, 3, 'Junio', 2010, 142, '2014-07-23'),
(71, 10, 'Junio', 2011, 220, '2013-12-10'),
(71, 4, 'Junio', 2012, 272, '2013-08-18'),
(71, 6, 'Junio', 2013, 302, '2014-01-15'),
(71, 3, 'Junio', 2014, 294, '2013-09-26'),
(71, 5, 'Junio', 2015, 163, '2015-08-14'),
(71, 1, 'Mayo', 2010, 134, '2014-12-18'),
(71, 8, 'Mayo', 2011, 383, '2014-04-05'),
(71, 10, 'Mayo', 2012, 210, '2014-12-19'),
(71, 2, 'Mayo', 2013, 103, '2013-10-20'),
(71, 8, 'Mayo', 2014, 385, '2015-06-30'),
(71, 4, 'Mayo', 2015, 314, '2013-08-03'),
(71, 8, 'Noviembre', 2010, 316, '2013-10-06'),
(71, 10, 'Noviembre', 2011, 237, '2015-08-02'),
(71, 8, 'Noviembre', 2012, 138, '2015-05-20'),
(71, 4, 'Noviembre', 2013, 182, '2013-07-22'),
(71, 7, 'Noviembre', 2014, 394, '2015-04-12'),
(71, 8, 'Octubre', 2010, 226, '2013-07-23'),
(71, 1, 'Octubre', 2011, 367, '2015-09-11'),
(71, 8, 'Octubre', 2012, 155, '2014-05-30'),
(71, 4, 'Octubre', 2013, 176, '2013-10-25'),
(71, 5, 'Octubre', 2014, 314, '2014-03-10'),
(71, 4, 'Octubre', 2015, 343, '2013-12-31'),
(71, 1, 'Septiembre', 2010, 373, '2015-01-14'),
(71, 4, 'Septiembre', 2011, 134, '2013-11-24'),
(71, 9, 'Septiembre', 2012, 354, '2014-10-07'),
(71, 8, 'Septiembre', 2013, 366, '2014-02-05'),
(71, 9, 'Septiembre', 2014, 368, '2013-12-28'),
(71, 8, 'Septiembre', 2015, 343, '2014-07-21'),
(72, 3, 'Abril', 2010, 209, '2014-04-30'),
(72, 4, 'Abril', 2011, 218, '2015-06-10'),
(72, 5, 'Abril', 2012, 362, '2014-10-05'),
(72, 3, 'Abril', 2013, 154, '2013-09-28'),
(72, 1, 'Abril', 2014, 188, '2014-02-12'),
(72, 10, 'Abril', 2015, 376, '2014-07-14'),
(72, 4, 'Agosto', 2010, 314, '2014-03-20'),
(72, 3, 'Agosto', 2011, 344, '2015-02-10'),
(72, 8, 'Agosto', 2012, 377, '2015-08-16'),
(72, 1, 'Agosto', 2013, 153, '2014-12-06'),
(72, 3, 'Agosto', 2014, 134, '2013-07-27'),
(72, 2, 'Agosto', 2015, 114, '2015-06-28'),
(72, 8, 'Julio', 2010, 367, '2014-09-17'),
(72, 5, 'Julio', 2011, 188, '2013-11-28'),
(72, 10, 'Julio', 2012, 345, '2015-09-05'),
(72, 10, 'Julio', 2013, 158, '2014-06-04'),
(72, 10, 'Julio', 2014, 257, '2015-07-02'),
(72, 3, 'Julio', 2015, 111, '2014-10-19'),
(72, 2, 'Junio', 2010, 285, '2014-09-17'),
(72, 7, 'Junio', 2011, 389, '2014-10-28'),
(72, 2, 'Junio', 2012, 391, '2014-04-11'),
(72, 1, 'Junio', 2013, 388, '2015-09-24'),
(72, 7, 'Junio', 2014, 365, '2015-04-07'),
(72, 4, 'Junio', 2015, 260, '2015-06-07'),
(72, 8, 'Mayo', 2010, 107, '2015-09-04'),
(72, 7, 'Mayo', 2011, 258, '2013-11-04'),
(72, 6, 'Mayo', 2012, 267, '2014-12-30'),
(72, 8, 'Mayo', 2013, 160, '2014-03-29'),
(72, 1, 'Mayo', 2014, 200, '2014-10-15'),
(72, 9, 'Mayo', 2015, 120, '2015-05-28'),
(72, 1, 'Noviembre', 2010, 203, '2015-06-14'),
(72, 3, 'Noviembre', 2011, 255, '2015-06-03'),
(72, 5, 'Noviembre', 2012, 264, '2013-09-08'),
(72, 8, 'Noviembre', 2013, 154, '2013-09-12'),
(72, 6, 'Noviembre', 2014, 178, '2015-06-05'),
(72, 8, 'Octubre', 2010, 120, '2015-05-02'),
(72, 1, 'Octubre', 2011, 109, '2014-12-04'),
(72, 1, 'Octubre', 2012, 385, '2014-05-02'),
(72, 8, 'Octubre', 2013, 297, '2015-06-11'),
(72, 8, 'Octubre', 2014, 228, '2014-11-07'),
(72, 8, 'Octubre', 2015, 150, '2014-03-26'),
(72, 10, 'Septiembre', 2010, 268, '2015-07-31'),
(72, 4, 'Septiembre', 2011, 188, '2015-03-30'),
(72, 8, 'Septiembre', 2012, 336, '2015-08-04'),
(72, 5, 'Septiembre', 2013, 116, '2015-04-14'),
(72, 7, 'Septiembre', 2014, 376, '2014-03-18'),
(72, 3, 'Septiembre', 2015, 227, '2015-08-01'),
(73, 5, 'Abril', 2010, 209, '2015-02-23'),
(73, 7, 'Abril', 2011, 264, '2013-10-30'),
(73, 3, 'Abril', 2012, 292, '2014-12-06'),
(73, 3, 'Abril', 2013, 270, '2013-10-01'),
(73, 5, 'Abril', 2014, 372, '2014-07-21'),
(73, 10, 'Abril', 2015, 349, '2014-04-08'),
(73, 10, 'Agosto', 2010, 229, '2015-05-21'),
(73, 2, 'Agosto', 2011, 300, '2015-02-09'),
(73, 1, 'Agosto', 2012, 113, '2014-06-16'),
(73, 9, 'Agosto', 2013, 165, '2013-09-16'),
(73, 5, 'Agosto', 2014, 388, '2015-05-05'),
(73, 4, 'Agosto', 2015, 141, '2014-12-14'),
(73, 7, 'Julio', 2010, 345, '2014-01-18'),
(73, 10, 'Julio', 2011, 299, '2015-01-29'),
(73, 6, 'Julio', 2012, 359, '2015-04-09'),
(73, 8, 'Julio', 2013, 198, '2013-10-11'),
(73, 8, 'Julio', 2014, 115, '2014-03-19'),
(73, 6, 'Julio', 2015, 183, '2014-09-24'),
(73, 2, 'Junio', 2010, 170, '2015-02-07'),
(73, 6, 'Junio', 2011, 201, '2015-03-16'),
(73, 10, 'Junio', 2012, 396, '2014-06-05'),
(73, 4, 'Junio', 2013, 374, '2015-03-08'),
(73, 1, 'Junio', 2014, 281, '2013-07-22'),
(73, 8, 'Junio', 2015, 185, '2014-02-06'),
(73, 3, 'Mayo', 2010, 285, '2014-10-11'),
(73, 5, 'Mayo', 2011, 165, '2014-10-05'),
(73, 7, 'Mayo', 2012, 175, '2014-01-12'),
(73, 1, 'Mayo', 2013, 278, '2015-06-02'),
(73, 2, 'Mayo', 2014, 163, '2014-07-18'),
(73, 5, 'Mayo', 2015, 185, '2014-06-06'),
(73, 1, 'Noviembre', 2010, 337, '2014-01-05'),
(73, 9, 'Noviembre', 2011, 125, '2013-12-05'),
(73, 9, 'Noviembre', 2012, 119, '2013-12-27'),
(73, 1, 'Noviembre', 2013, 120, '2014-08-09'),
(73, 5, 'Noviembre', 2014, 142, '2014-01-26'),
(73, 6, 'Octubre', 2010, 132, '2013-10-26'),
(73, 3, 'Octubre', 2011, 105, '2014-06-01'),
(73, 7, 'Octubre', 2012, 330, '2014-06-18'),
(73, 4, 'Octubre', 2013, 332, '2015-04-11'),
(73, 9, 'Octubre', 2014, 272, '2015-07-05'),
(73, 2, 'Septiembre', 2010, 102, '2013-09-23'),
(73, 3, 'Septiembre', 2011, 219, '2014-01-07'),
(73, 1, 'Septiembre', 2012, 391, '2013-09-14'),
(73, 6, 'Septiembre', 2013, 294, '2015-09-01'),
(73, 4, 'Septiembre', 2014, 198, '2014-11-10'),
(73, 10, 'Septiembre', 2015, 311, '2015-05-07'),
(74, 4, 'Abril', 2010, 258, '2014-06-10'),
(74, 7, 'Abril', 2011, 259, '2015-03-15'),
(74, 10, 'Abril', 2012, 122, '2014-09-05'),
(74, 9, 'Abril', 2013, 333, '2013-07-29'),
(74, 2, 'Abril', 2014, 297, '2013-12-10'),
(74, 6, 'Abril', 2015, 386, '2013-11-02'),
(74, 4, 'Agosto', 2010, 337, '2015-09-15'),
(74, 9, 'Agosto', 2011, 129, '2014-09-02'),
(74, 9, 'Agosto', 2012, 134, '2014-09-01'),
(74, 7, 'Agosto', 2013, 184, '2013-10-21'),
(74, 5, 'Agosto', 2014, 118, '2015-02-11'),
(74, 9, 'Agosto', 2015, 240, '2013-09-18'),
(74, 7, 'Julio', 2010, 143, '2013-11-08'),
(74, 7, 'Julio', 2011, 196, '2014-12-31'),
(74, 8, 'Julio', 2012, 153, '2014-04-05'),
(74, 7, 'Julio', 2013, 375, '2014-02-04'),
(74, 7, 'Julio', 2014, 116, '2014-03-21'),
(74, 1, 'Julio', 2015, 256, '2015-05-11'),
(74, 6, 'Junio', 2010, 232, '2015-03-04'),
(74, 9, 'Junio', 2011, 293, '2014-05-11'),
(74, 2, 'Junio', 2012, 369, '2015-02-09'),
(74, 6, 'Junio', 2013, 264, '2013-10-17'),
(74, 8, 'Junio', 2014, 114, '2015-05-29'),
(74, 2, 'Junio', 2015, 280, '2015-09-03'),
(74, 2, 'Mayo', 2010, 357, '2014-08-22'),
(74, 3, 'Mayo', 2011, 245, '2015-02-06'),
(74, 10, 'Mayo', 2012, 355, '2014-04-17'),
(74, 9, 'Mayo', 2013, 340, '2013-11-08'),
(74, 8, 'Mayo', 2014, 231, '2013-11-24'),
(74, 6, 'Mayo', 2015, 340, '2013-10-29'),
(74, 2, 'Noviembre', 2010, 304, '2015-06-22'),
(74, 3, 'Noviembre', 2011, 101, '2015-01-29'),
(74, 1, 'Noviembre', 2012, 397, '2014-03-09'),
(74, 8, 'Noviembre', 2013, 378, '2014-10-10'),
(74, 7, 'Noviembre', 2014, 299, '2013-08-18'),
(74, 2, 'Octubre', 2010, 301, '2013-09-13'),
(74, 3, 'Octubre', 2011, 327, '2014-09-27'),
(74, 10, 'Octubre', 2012, 330, '2015-01-08'),
(74, 4, 'Octubre', 2013, 271, '2013-12-24'),
(74, 4, 'Octubre', 2014, 265, '2015-03-13'),
(74, 9, 'Octubre', 2015, 111, '2015-08-18'),
(74, 7, 'Septiembre', 2010, 262, '2014-11-15'),
(74, 1, 'Septiembre', 2011, 275, '2013-07-31'),
(74, 9, 'Septiembre', 2012, 191, '2015-08-03'),
(74, 4, 'Septiembre', 2013, 329, '2013-12-12'),
(74, 4, 'Septiembre', 2014, 373, '2014-09-16'),
(74, 5, 'Septiembre', 2015, 176, '2014-11-29'),
(75, 5, 'Abril', 2010, 262, '2015-01-21'),
(75, 2, 'Abril', 2011, 384, '2014-06-17'),
(75, 2, 'Abril', 2012, 131, '2015-05-16'),
(75, 5, 'Abril', 2013, 308, '2014-07-21'),
(75, 1, 'Abril', 2014, 143, '2014-03-13'),
(75, 9, 'Abril', 2015, 293, '2014-05-26'),
(75, 8, 'Agosto', 2010, 336, '2014-12-07'),
(75, 4, 'Agosto', 2011, 399, '2015-05-15'),
(75, 10, 'Agosto', 2012, 284, '2014-09-01'),
(75, 4, 'Agosto', 2013, 127, '2014-11-07'),
(75, 9, 'Agosto', 2014, 282, '2015-07-28'),
(75, 7, 'Agosto', 2015, 330, '2015-07-15'),
(75, 2, 'Julio', 2010, 101, '2015-02-23'),
(75, 1, 'Julio', 2011, 320, '2014-10-31'),
(75, 2, 'Julio', 2012, 293, '2014-02-08'),
(75, 8, 'Julio', 2013, 104, '2015-01-24'),
(75, 10, 'Julio', 2014, 143, '2014-12-21'),
(75, 6, 'Julio', 2015, 304, '2014-07-02'),
(75, 8, 'Junio', 2010, 392, '2015-08-10'),
(75, 3, 'Junio', 2011, 343, '2014-04-08'),
(75, 1, 'Junio', 2012, 142, '2015-09-21'),
(75, 7, 'Junio', 2013, 182, '2014-10-31'),
(75, 3, 'Junio', 2014, 383, '2014-01-31'),
(75, 2, 'Junio', 2015, 368, '2015-06-27'),
(75, 6, 'Mayo', 2010, 291, '2015-03-22'),
(75, 1, 'Mayo', 2011, 249, '2013-10-21'),
(75, 3, 'Mayo', 2012, 276, '2015-06-17'),
(75, 10, 'Mayo', 2013, 231, '2015-01-29'),
(75, 9, 'Mayo', 2014, 227, '2014-06-14'),
(75, 7, 'Mayo', 2015, 342, '2014-01-08'),
(75, 8, 'Noviembre', 2010, 329, '2014-06-21'),
(75, 9, 'Noviembre', 2011, 218, '2013-07-21'),
(75, 2, 'Noviembre', 2012, 303, '2015-08-13'),
(75, 2, 'Noviembre', 2013, 162, '2014-08-28'),
(75, 1, 'Noviembre', 2014, 100, '2013-09-16'),
(75, 2, 'Octubre', 2010, 375, '2013-08-16'),
(75, 4, 'Octubre', 2011, 229, '2014-03-28'),
(75, 6, 'Octubre', 2012, 219, '2014-04-16'),
(75, 4, 'Octubre', 2013, 309, '2015-01-22'),
(75, 6, 'Octubre', 2014, 186, '2013-12-27'),
(75, 3, 'Octubre', 2015, 205, '2014-10-14'),
(75, 7, 'Septiembre', 2010, 367, '2015-04-07'),
(75, 5, 'Septiembre', 2011, 219, '2013-11-13'),
(75, 4, 'Septiembre', 2012, 193, '2014-11-21'),
(75, 8, 'Septiembre', 2013, 208, '2013-12-26'),
(75, 9, 'Septiembre', 2014, 363, '2014-10-29'),
(75, 8, 'Septiembre', 2015, 188, '2014-06-10'),
(76, 4, 'Abril', 2010, 355, '2014-05-13'),
(76, 5, 'Abril', 2011, 209, '2013-08-22'),
(76, 4, 'Abril', 2012, 180, '2014-05-26'),
(76, 3, 'Abril', 2013, 174, '2013-09-15'),
(76, 7, 'Abril', 2014, 232, '2014-07-04'),
(76, 3, 'Abril', 2015, 235, '2013-10-20'),
(76, 10, 'Agosto', 2010, 380, '2013-11-20'),
(76, 3, 'Agosto', 2011, 192, '2013-08-28'),
(76, 2, 'Agosto', 2012, 323, '2015-07-07'),
(76, 1, 'Agosto', 2013, 337, '2014-09-16'),
(76, 9, 'Agosto', 2014, 316, '2014-03-31'),
(76, 2, 'Agosto', 2015, 169, '2014-02-05'),
(76, 9, 'Julio', 2010, 400, '2015-08-23'),
(76, 8, 'Julio', 2011, 190, '2015-04-12'),
(76, 7, 'Julio', 2012, 252, '2014-09-15'),
(76, 10, 'Julio', 2013, 289, '2013-07-23'),
(76, 9, 'Julio', 2014, 287, '2014-01-08'),
(76, 2, 'Julio', 2015, 170, '2014-01-14'),
(76, 2, 'Junio', 2010, 191, '2013-12-06'),
(76, 3, 'Junio', 2011, 346, '2014-09-02'),
(76, 9, 'Junio', 2012, 153, '2014-04-19'),
(76, 8, 'Junio', 2013, 229, '2014-12-29'),
(76, 6, 'Junio', 2014, 286, '2014-12-16'),
(76, 4, 'Junio', 2015, 342, '2015-04-14'),
(76, 7, 'Mayo', 2010, 151, '2014-11-19'),
(76, 7, 'Mayo', 2011, 233, '2013-11-28'),
(76, 7, 'Mayo', 2012, 308, '2015-04-10'),
(76, 6, 'Mayo', 2013, 143, '2014-12-01'),
(76, 9, 'Mayo', 2014, 292, '2015-05-20'),
(76, 7, 'Mayo', 2015, 328, '2014-01-31'),
(76, 3, 'Noviembre', 2010, 363, '2013-11-25'),
(76, 5, 'Noviembre', 2011, 130, '2013-09-05'),
(76, 1, 'Noviembre', 2012, 364, '2014-09-14'),
(76, 8, 'Noviembre', 2013, 128, '2015-01-27'),
(76, 6, 'Noviembre', 2014, 349, '2014-10-01'),
(76, 6, 'Octubre', 2010, 354, '2014-02-12'),
(76, 10, 'Octubre', 2011, 289, '2015-03-24'),
(76, 10, 'Octubre', 2012, 281, '2014-07-03'),
(76, 6, 'Octubre', 2013, 141, '2014-04-05'),
(76, 2, 'Octubre', 2014, 363, '2014-02-25'),
(76, 1, 'Octubre', 2015, 388, '2014-06-07'),
(76, 1, 'Septiembre', 2010, 150, '2014-05-28'),
(76, 10, 'Septiembre', 2011, 388, '2013-10-12'),
(76, 3, 'Septiembre', 2012, 189, '2013-09-16'),
(76, 4, 'Septiembre', 2013, 281, '2013-12-01'),
(76, 3, 'Septiembre', 2014, 138, '2014-12-11'),
(76, 10, 'Septiembre', 2015, 351, '2014-10-12'),
(77, 10, 'Abril', 2010, 338, '2013-12-16'),
(77, 7, 'Abril', 2011, 236, '2015-05-22'),
(77, 4, 'Abril', 2012, 366, '2014-02-21'),
(77, 3, 'Abril', 2013, 122, '2013-10-06'),
(77, 8, 'Abril', 2014, 314, '2015-01-03'),
(77, 3, 'Abril', 2015, 201, '2015-01-25'),
(77, 1, 'Agosto', 2010, 266, '2013-12-18'),
(77, 1, 'Agosto', 2011, 326, '2014-10-04'),
(77, 2, 'Agosto', 2012, 131, '2013-12-27'),
(77, 4, 'Agosto', 2013, 180, '2014-03-04'),
(77, 2, 'Agosto', 2014, 106, '2014-08-02'),
(77, 2, 'Agosto', 2015, 193, '2014-04-19'),
(77, 8, 'Julio', 2010, 247, '2014-02-14'),
(77, 7, 'Julio', 2011, 252, '2013-07-22'),
(77, 1, 'Julio', 2012, 122, '2014-04-23'),
(77, 9, 'Julio', 2013, 355, '2015-03-09'),
(77, 9, 'Julio', 2014, 106, '2014-09-19'),
(77, 2, 'Julio', 2015, 270, '2014-10-14'),
(77, 2, 'Junio', 2010, 330, '2015-09-10'),
(77, 4, 'Junio', 2011, 138, '2014-03-07'),
(77, 3, 'Junio', 2012, 204, '2015-03-07'),
(77, 7, 'Junio', 2013, 207, '2015-07-14'),
(77, 3, 'Junio', 2014, 320, '2014-07-11'),
(77, 6, 'Junio', 2015, 278, '2014-04-15'),
(77, 1, 'Mayo', 2010, 330, '2015-04-16');
INSERT INTO `Pagos` (`ID_Alumno`, `ID_Empleado`, `Mes`, `Año`, `Importe`, `Fecha_Pago`) VALUES
(77, 3, 'Mayo', 2011, 114, '2014-11-24'),
(77, 8, 'Mayo', 2012, 386, '2015-08-08'),
(77, 10, 'Mayo', 2013, 282, '2014-07-06'),
(77, 7, 'Mayo', 2014, 155, '2013-08-03'),
(77, 5, 'Mayo', 2015, 130, '2015-03-09'),
(77, 6, 'Noviembre', 2010, 384, '2013-08-07'),
(77, 3, 'Noviembre', 2011, 229, '2013-11-11'),
(77, 4, 'Noviembre', 2012, 194, '2013-07-22'),
(77, 1, 'Noviembre', 2013, 183, '2014-08-31'),
(77, 2, 'Noviembre', 2014, 236, '2015-05-01'),
(77, 6, 'Octubre', 2010, 330, '2014-09-11'),
(77, 4, 'Octubre', 2011, 266, '2014-08-18'),
(77, 6, 'Octubre', 2012, 242, '2014-07-30'),
(77, 3, 'Octubre', 2013, 313, '2014-05-06'),
(77, 2, 'Octubre', 2014, 136, '2014-08-17'),
(77, 2, 'Octubre', 2015, 244, '2015-01-14'),
(77, 6, 'Septiembre', 2010, 111, '2014-04-22'),
(77, 7, 'Septiembre', 2011, 327, '2015-03-07'),
(77, 6, 'Septiembre', 2012, 296, '2014-04-23'),
(77, 1, 'Septiembre', 2013, 101, '2015-04-20'),
(77, 2, 'Septiembre', 2014, 119, '2015-02-21'),
(77, 3, 'Septiembre', 2015, 193, '2015-02-13'),
(78, 5, 'Abril', 2010, 205, '2014-01-10'),
(78, 5, 'Abril', 2011, 349, '2014-07-11'),
(78, 5, 'Abril', 2012, 125, '2015-07-07'),
(78, 4, 'Abril', 2013, 384, '2015-07-05'),
(78, 6, 'Abril', 2014, 242, '2014-08-19'),
(78, 3, 'Abril', 2015, 258, '2014-09-15'),
(78, 5, 'Agosto', 2010, 164, '2014-09-25'),
(78, 10, 'Agosto', 2011, 247, '2015-08-07'),
(78, 5, 'Agosto', 2012, 344, '2014-05-30'),
(78, 5, 'Agosto', 2013, 277, '2014-02-20'),
(78, 1, 'Agosto', 2014, 255, '2013-10-27'),
(78, 7, 'Agosto', 2015, 344, '2015-04-26'),
(78, 5, 'Julio', 2010, 252, '2014-04-05'),
(78, 10, 'Julio', 2011, 128, '2015-09-14'),
(78, 8, 'Julio', 2012, 389, '2013-08-12'),
(78, 10, 'Julio', 2013, 255, '2015-09-06'),
(78, 9, 'Julio', 2014, 311, '2013-11-28'),
(78, 10, 'Julio', 2015, 390, '2013-07-21'),
(78, 8, 'Junio', 2010, 315, '2014-04-01'),
(78, 7, 'Junio', 2011, 306, '2013-07-18'),
(78, 8, 'Junio', 2012, 186, '2014-04-04'),
(78, 1, 'Junio', 2013, 211, '2013-08-30'),
(78, 8, 'Junio', 2014, 397, '2014-09-23'),
(78, 5, 'Junio', 2015, 350, '2015-04-20'),
(78, 1, 'Mayo', 2010, 159, '2013-09-22'),
(78, 7, 'Mayo', 2011, 245, '2015-03-30'),
(78, 2, 'Mayo', 2012, 351, '2015-04-15'),
(78, 7, 'Mayo', 2013, 317, '2015-01-06'),
(78, 4, 'Mayo', 2014, 131, '2014-01-29'),
(78, 5, 'Mayo', 2015, 209, '2014-05-16'),
(78, 4, 'Noviembre', 2010, 250, '2013-09-02'),
(78, 6, 'Noviembre', 2011, 221, '2014-12-11'),
(78, 5, 'Noviembre', 2012, 258, '2014-11-18'),
(78, 6, 'Noviembre', 2013, 227, '2014-11-09'),
(78, 9, 'Noviembre', 2014, 262, '2014-08-08'),
(78, 7, 'Octubre', 2010, 251, '2014-11-10'),
(78, 3, 'Octubre', 2011, 172, '2014-11-13'),
(78, 10, 'Octubre', 2012, 311, '2013-09-30'),
(78, 6, 'Octubre', 2013, 335, '2013-10-11'),
(78, 2, 'Octubre', 2014, 343, '2013-09-10'),
(78, 2, 'Octubre', 2015, 309, '2014-10-31'),
(78, 5, 'Septiembre', 2010, 118, '2013-08-10'),
(78, 10, 'Septiembre', 2011, 162, '2015-09-12'),
(78, 2, 'Septiembre', 2012, 357, '2015-06-27'),
(78, 2, 'Septiembre', 2013, 298, '2014-07-07'),
(78, 3, 'Septiembre', 2014, 320, '2014-07-21'),
(78, 7, 'Septiembre', 2015, 303, '2015-06-22'),
(79, 6, 'Abril', 2010, 155, '2015-06-12'),
(79, 9, 'Abril', 2011, 368, '2014-03-19'),
(79, 10, 'Abril', 2012, 372, '2013-08-08'),
(79, 3, 'Abril', 2013, 356, '2015-05-30'),
(79, 3, 'Abril', 2014, 266, '2014-08-02'),
(79, 1, 'Abril', 2015, 160, '2013-07-23'),
(79, 7, 'Agosto', 2010, 204, '2014-04-12'),
(79, 6, 'Agosto', 2011, 141, '2014-11-16'),
(79, 2, 'Agosto', 2012, 292, '2014-09-20'),
(79, 9, 'Agosto', 2013, 336, '2014-10-08'),
(79, 2, 'Agosto', 2014, 101, '2014-02-02'),
(79, 5, 'Agosto', 2015, 301, '2015-06-21'),
(79, 4, 'Julio', 2010, 202, '2013-07-31'),
(79, 5, 'Julio', 2011, 307, '2014-05-10'),
(79, 7, 'Julio', 2012, 230, '2013-12-08'),
(79, 8, 'Julio', 2013, 127, '2014-04-02'),
(79, 9, 'Julio', 2014, 146, '2013-07-31'),
(79, 10, 'Julio', 2015, 248, '2014-10-24'),
(79, 5, 'Junio', 2010, 103, '2013-11-25'),
(79, 5, 'Junio', 2011, 273, '2014-12-14'),
(79, 6, 'Junio', 2012, 354, '2013-07-26'),
(79, 8, 'Junio', 2013, 251, '2014-08-16'),
(79, 3, 'Junio', 2014, 393, '2013-12-20'),
(79, 3, 'Junio', 2015, 212, '2014-01-29'),
(79, 9, 'Mayo', 2010, 380, '2014-03-09'),
(79, 9, 'Mayo', 2011, 263, '2015-01-19'),
(79, 1, 'Mayo', 2012, 376, '2013-11-12'),
(79, 8, 'Mayo', 2013, 388, '2013-11-23'),
(79, 3, 'Mayo', 2014, 111, '2015-06-08'),
(79, 1, 'Mayo', 2015, 194, '2015-02-17'),
(79, 8, 'Noviembre', 2010, 239, '2014-01-20'),
(79, 9, 'Noviembre', 2011, 211, '2013-12-09'),
(79, 6, 'Noviembre', 2012, 239, '2013-11-04'),
(79, 1, 'Noviembre', 2013, 160, '2013-08-24'),
(79, 3, 'Noviembre', 2014, 285, '2013-09-05'),
(79, 3, 'Octubre', 2010, 255, '2014-06-06'),
(79, 9, 'Octubre', 2011, 150, '2013-09-19'),
(79, 8, 'Octubre', 2012, 188, '2014-05-28'),
(79, 5, 'Octubre', 2013, 390, '2014-03-15'),
(79, 3, 'Octubre', 2014, 383, '2014-07-21'),
(79, 9, 'Octubre', 2015, 346, '2015-02-09'),
(79, 6, 'Septiembre', 2010, 180, '2014-03-05'),
(79, 6, 'Septiembre', 2011, 365, '2014-08-03'),
(79, 4, 'Septiembre', 2012, 284, '2014-05-20'),
(79, 1, 'Septiembre', 2013, 222, '2015-03-03'),
(79, 5, 'Septiembre', 2014, 160, '2015-09-05'),
(79, 1, 'Septiembre', 2015, 334, '2015-07-10'),
(80, 7, 'Abril', 2010, 187, '2014-05-10'),
(80, 5, 'Abril', 2011, 136, '2014-01-21'),
(80, 6, 'Abril', 2012, 321, '2015-02-24'),
(80, 3, 'Abril', 2013, 195, '2014-04-21'),
(80, 5, 'Abril', 2014, 214, '2015-08-15'),
(80, 8, 'Abril', 2015, 386, '2014-08-10'),
(80, 6, 'Agosto', 2010, 286, '2014-01-06'),
(80, 2, 'Agosto', 2011, 173, '2014-01-16'),
(80, 2, 'Agosto', 2012, 206, '2014-07-11'),
(80, 9, 'Agosto', 2013, 113, '2014-12-29'),
(80, 3, 'Agosto', 2014, 148, '2015-07-08'),
(80, 4, 'Agosto', 2015, 302, '2013-11-04'),
(80, 10, 'Julio', 2010, 364, '2014-06-06'),
(80, 4, 'Julio', 2011, 213, '2015-03-12'),
(80, 1, 'Julio', 2012, 175, '2014-05-11'),
(80, 2, 'Julio', 2013, 137, '2014-06-02'),
(80, 6, 'Julio', 2014, 361, '2015-08-14'),
(80, 8, 'Julio', 2015, 391, '2015-09-07'),
(80, 1, 'Junio', 2010, 171, '2014-12-29'),
(80, 8, 'Junio', 2011, 184, '2014-07-05'),
(80, 5, 'Junio', 2012, 307, '2014-06-02'),
(80, 6, 'Junio', 2013, 284, '2013-09-14'),
(80, 10, 'Junio', 2014, 398, '2013-08-24'),
(80, 6, 'Junio', 2015, 137, '2015-03-13'),
(80, 4, 'Mayo', 2010, 292, '2015-08-04'),
(80, 2, 'Mayo', 2011, 350, '2014-04-27'),
(80, 1, 'Mayo', 2012, 172, '2013-11-07'),
(80, 8, 'Mayo', 2013, 312, '2014-12-17'),
(80, 5, 'Mayo', 2014, 343, '2015-09-18'),
(80, 9, 'Mayo', 2015, 377, '2015-05-03'),
(80, 2, 'Noviembre', 2010, 154, '2013-10-10'),
(80, 9, 'Noviembre', 2011, 141, '2015-05-11'),
(80, 6, 'Noviembre', 2012, 146, '2014-05-04'),
(80, 5, 'Noviembre', 2013, 205, '2015-02-05'),
(80, 2, 'Noviembre', 2014, 189, '2015-08-03'),
(80, 8, 'Octubre', 2010, 188, '2015-06-21'),
(80, 6, 'Octubre', 2011, 147, '2013-12-20'),
(80, 6, 'Octubre', 2012, 371, '2015-05-09'),
(80, 5, 'Octubre', 2013, 111, '2015-03-15'),
(80, 1, 'Octubre', 2014, 248, '2014-03-04'),
(80, 9, 'Octubre', 2015, 203, '2014-08-06'),
(80, 8, 'Septiembre', 2010, 172, '2014-07-30'),
(80, 10, 'Septiembre', 2011, 153, '2013-11-25'),
(80, 2, 'Septiembre', 2012, 150, '2014-03-29'),
(80, 5, 'Septiembre', 2013, 190, '2013-08-16'),
(80, 7, 'Septiembre', 2014, 400, '2014-05-24'),
(80, 5, 'Septiembre', 2015, 126, '2013-08-31'),
(81, 10, 'Abril', 2010, 236, '2015-05-17'),
(81, 1, 'Abril', 2011, 398, '2015-08-13'),
(81, 8, 'Abril', 2012, 283, '2013-09-05'),
(81, 5, 'Abril', 2013, 119, '2014-07-14'),
(81, 7, 'Abril', 2014, 248, '2014-07-13'),
(81, 3, 'Abril', 2015, 183, '2015-06-21'),
(81, 9, 'Agosto', 2010, 373, '2015-06-13'),
(81, 1, 'Agosto', 2011, 313, '2014-03-14'),
(81, 6, 'Agosto', 2012, 347, '2014-07-24'),
(81, 8, 'Agosto', 2013, 395, '2013-10-05'),
(81, 8, 'Agosto', 2014, 231, '2014-05-11'),
(81, 6, 'Agosto', 2015, 172, '2013-08-29'),
(81, 2, 'Julio', 2010, 368, '2014-01-14'),
(81, 9, 'Julio', 2011, 322, '2015-05-09'),
(81, 1, 'Julio', 2012, 106, '2015-07-18'),
(81, 6, 'Julio', 2013, 368, '2015-03-19'),
(81, 2, 'Julio', 2014, 217, '2014-02-13'),
(81, 3, 'Julio', 2015, 182, '2014-09-16'),
(81, 7, 'Junio', 2010, 162, '2013-11-05'),
(81, 2, 'Junio', 2011, 165, '2014-05-10'),
(81, 5, 'Junio', 2012, 239, '2015-07-29'),
(81, 9, 'Junio', 2013, 299, '2013-10-04'),
(81, 3, 'Junio', 2014, 376, '2015-05-03'),
(81, 9, 'Junio', 2015, 283, '2015-05-18'),
(81, 3, 'Mayo', 2010, 188, '2014-03-19'),
(81, 4, 'Mayo', 2011, 292, '2013-08-29'),
(81, 3, 'Mayo', 2012, 193, '2015-09-13'),
(81, 4, 'Mayo', 2013, 291, '2014-03-19'),
(81, 3, 'Mayo', 2014, 173, '2015-07-04'),
(81, 7, 'Mayo', 2015, 195, '2014-07-04'),
(81, 4, 'Noviembre', 2010, 357, '2015-07-20'),
(81, 8, 'Noviembre', 2011, 195, '2015-05-14'),
(81, 8, 'Noviembre', 2012, 109, '2015-05-18'),
(81, 7, 'Noviembre', 2013, 159, '2014-09-22'),
(81, 3, 'Noviembre', 2014, 371, '2014-10-06'),
(81, 10, 'Octubre', 2010, 355, '2015-03-20'),
(81, 1, 'Octubre', 2011, 254, '2014-06-27'),
(81, 6, 'Octubre', 2012, 107, '2015-04-29'),
(81, 1, 'Octubre', 2013, 276, '2014-07-29'),
(81, 5, 'Octubre', 2014, 356, '2015-01-18'),
(81, 1, 'Octubre', 2015, 250, '2014-02-10'),
(81, 10, 'Septiembre', 2010, 385, '2014-03-17'),
(81, 10, 'Septiembre', 2011, 171, '2014-02-15'),
(81, 5, 'Septiembre', 2012, 202, '2013-10-08'),
(81, 7, 'Septiembre', 2013, 399, '2013-07-31'),
(81, 2, 'Septiembre', 2014, 386, '2014-09-17'),
(81, 10, 'Septiembre', 2015, 333, '2014-02-07'),
(82, 3, 'Abril', 2010, 107, '2014-05-29'),
(82, 8, 'Abril', 2011, 340, '2015-04-30'),
(82, 7, 'Abril', 2012, 377, '2014-07-22'),
(82, 3, 'Abril', 2013, 164, '2013-07-21'),
(82, 7, 'Abril', 2014, 191, '2015-07-13'),
(82, 2, 'Abril', 2015, 363, '2014-05-28'),
(82, 5, 'Agosto', 2010, 238, '2015-03-10'),
(82, 6, 'Agosto', 2011, 303, '2014-03-21'),
(82, 3, 'Agosto', 2012, 400, '2014-06-15'),
(82, 8, 'Agosto', 2013, 388, '2015-08-26'),
(82, 10, 'Agosto', 2014, 341, '2015-02-18'),
(82, 9, 'Agosto', 2015, 141, '2013-08-08'),
(82, 9, 'Julio', 2010, 186, '2014-05-10'),
(82, 7, 'Julio', 2011, 106, '2015-03-05'),
(82, 10, 'Julio', 2012, 173, '2014-09-03'),
(82, 9, 'Julio', 2013, 147, '2013-11-26'),
(82, 6, 'Julio', 2014, 115, '2013-12-09'),
(82, 9, 'Julio', 2015, 338, '2013-09-11'),
(82, 2, 'Junio', 2010, 339, '2013-08-27'),
(82, 9, 'Junio', 2011, 283, '2015-05-14'),
(82, 9, 'Junio', 2012, 299, '2013-11-30'),
(82, 2, 'Junio', 2013, 245, '2013-10-28'),
(82, 6, 'Junio', 2014, 230, '2014-12-23'),
(82, 2, 'Junio', 2015, 316, '2015-06-06'),
(82, 4, 'Mayo', 2010, 188, '2013-10-20'),
(82, 1, 'Mayo', 2011, 193, '2014-09-23'),
(82, 8, 'Mayo', 2012, 300, '2013-09-09'),
(82, 4, 'Mayo', 2013, 221, '2015-02-02'),
(82, 9, 'Mayo', 2014, 104, '2014-11-29'),
(82, 1, 'Mayo', 2015, 360, '2015-06-17'),
(82, 9, 'Noviembre', 2010, 185, '2013-10-29'),
(82, 2, 'Noviembre', 2011, 349, '2015-04-18'),
(82, 3, 'Noviembre', 2012, 186, '2014-07-15'),
(82, 1, 'Noviembre', 2013, 387, '2015-01-10'),
(82, 5, 'Noviembre', 2014, 372, '2015-06-14'),
(82, 3, 'Octubre', 2010, 285, '2014-01-19'),
(82, 8, 'Octubre', 2011, 123, '2014-04-28'),
(82, 2, 'Octubre', 2012, 261, '2013-12-16'),
(82, 2, 'Octubre', 2013, 237, '2014-10-13'),
(82, 1, 'Octubre', 2014, 300, '2013-11-24'),
(82, 9, 'Octubre', 2015, 389, '2015-01-22'),
(82, 1, 'Septiembre', 2010, 344, '2013-12-19'),
(82, 7, 'Septiembre', 2011, 154, '2015-09-12'),
(82, 1, 'Septiembre', 2012, 238, '2014-06-15'),
(82, 5, 'Septiembre', 2013, 328, '2015-03-15'),
(82, 10, 'Septiembre', 2014, 224, '2014-04-25'),
(82, 10, 'Septiembre', 2015, 340, '2015-03-06'),
(83, 3, 'Abril', 2010, 326, '2013-08-23'),
(83, 4, 'Abril', 2011, 209, '2014-10-20'),
(83, 8, 'Abril', 2012, 269, '2015-01-22'),
(83, 10, 'Abril', 2013, 317, '2015-07-01'),
(83, 5, 'Abril', 2014, 379, '2015-01-31'),
(83, 1, 'Abril', 2015, 244, '2013-12-15'),
(83, 3, 'Agosto', 2010, 281, '2014-07-30'),
(83, 1, 'Agosto', 2011, 275, '2015-02-04'),
(83, 1, 'Agosto', 2012, 130, '2015-06-19'),
(83, 3, 'Agosto', 2013, 326, '2013-09-19'),
(83, 5, 'Agosto', 2014, 239, '2015-01-22'),
(83, 10, 'Agosto', 2015, 116, '2013-12-13'),
(83, 4, 'Julio', 2010, 366, '2014-05-17'),
(83, 4, 'Julio', 2011, 178, '2013-09-13'),
(83, 7, 'Julio', 2012, 294, '2014-10-09'),
(83, 5, 'Julio', 2013, 234, '2015-07-01'),
(83, 9, 'Julio', 2014, 189, '2013-12-13'),
(83, 8, 'Julio', 2015, 144, '2015-02-26'),
(83, 7, 'Junio', 2010, 352, '2014-09-13'),
(83, 9, 'Junio', 2011, 329, '2015-02-28'),
(83, 4, 'Junio', 2012, 188, '2015-02-28'),
(83, 1, 'Junio', 2013, 154, '2013-10-30'),
(83, 5, 'Junio', 2014, 105, '2014-08-25'),
(83, 2, 'Junio', 2015, 266, '2015-04-29'),
(83, 10, 'Mayo', 2010, 312, '2015-04-30'),
(83, 2, 'Mayo', 2011, 363, '2014-08-15'),
(83, 3, 'Mayo', 2012, 177, '2014-06-13'),
(83, 3, 'Mayo', 2013, 300, '2015-03-07'),
(83, 5, 'Mayo', 2014, 265, '2014-12-11'),
(83, 9, 'Mayo', 2015, 325, '2013-07-28'),
(83, 1, 'Noviembre', 2010, 129, '2013-09-30'),
(83, 10, 'Noviembre', 2011, 174, '2014-01-18'),
(83, 5, 'Noviembre', 2012, 381, '2015-07-12'),
(83, 9, 'Noviembre', 2013, 383, '2013-12-19'),
(83, 5, 'Noviembre', 2014, 372, '2015-09-20'),
(83, 8, 'Octubre', 2010, 325, '2014-03-26'),
(83, 6, 'Octubre', 2011, 302, '2014-01-20'),
(83, 2, 'Octubre', 2012, 132, '2013-12-21'),
(83, 4, 'Octubre', 2013, 256, '2014-05-25'),
(83, 1, 'Octubre', 2014, 186, '2015-06-30'),
(83, 2, 'Octubre', 2015, 360, '2015-01-26'),
(83, 7, 'Septiembre', 2010, 240, '2015-06-07'),
(83, 3, 'Septiembre', 2011, 323, '2013-12-29'),
(83, 3, 'Septiembre', 2012, 191, '2013-11-24'),
(83, 2, 'Septiembre', 2013, 189, '2014-05-04'),
(83, 3, 'Septiembre', 2014, 271, '2015-02-12'),
(83, 9, 'Septiembre', 2015, 387, '2014-12-06'),
(84, 3, 'Abril', 2010, 120, '2015-04-28'),
(84, 6, 'Abril', 2011, 243, '2013-11-10'),
(84, 4, 'Abril', 2012, 152, '2014-12-14'),
(84, 6, 'Abril', 2013, 232, '2014-10-11'),
(84, 7, 'Abril', 2014, 305, '2015-01-09'),
(84, 5, 'Abril', 2015, 128, '2015-05-26'),
(84, 2, 'Agosto', 2010, 225, '2013-11-01'),
(84, 1, 'Agosto', 2011, 341, '2014-12-01'),
(84, 8, 'Agosto', 2012, 330, '2014-11-24'),
(84, 4, 'Agosto', 2013, 225, '2014-08-12'),
(84, 4, 'Agosto', 2014, 339, '2014-04-30'),
(84, 2, 'Agosto', 2015, 318, '2014-07-04'),
(84, 6, 'Julio', 2010, 172, '2014-07-02'),
(84, 8, 'Julio', 2011, 110, '2014-11-03'),
(84, 7, 'Julio', 2012, 232, '2014-11-19'),
(84, 5, 'Julio', 2013, 129, '2015-07-14'),
(84, 9, 'Julio', 2014, 149, '2013-10-21'),
(84, 1, 'Julio', 2015, 260, '2013-09-08'),
(84, 7, 'Junio', 2010, 152, '2013-11-07'),
(84, 5, 'Junio', 2011, 183, '2013-09-18'),
(84, 10, 'Junio', 2012, 358, '2014-06-14'),
(84, 7, 'Junio', 2013, 240, '2013-08-31'),
(84, 7, 'Junio', 2014, 327, '2014-02-17'),
(84, 7, 'Junio', 2015, 212, '2015-08-17'),
(84, 6, 'Mayo', 2010, 281, '2014-11-17'),
(84, 1, 'Mayo', 2011, 368, '2015-01-27'),
(84, 3, 'Mayo', 2012, 296, '2014-05-04'),
(84, 4, 'Mayo', 2013, 278, '2014-01-14'),
(84, 10, 'Mayo', 2014, 103, '2014-02-03'),
(84, 9, 'Mayo', 2015, 180, '2015-07-21'),
(84, 8, 'Noviembre', 2010, 191, '2013-10-21'),
(84, 3, 'Noviembre', 2011, 316, '2015-04-05'),
(84, 7, 'Noviembre', 2012, 305, '2014-07-02'),
(84, 4, 'Noviembre', 2013, 176, '2015-03-15'),
(84, 1, 'Noviembre', 2014, 168, '2015-04-21'),
(84, 6, 'Octubre', 2010, 155, '2014-04-23'),
(84, 9, 'Octubre', 2011, 342, '2015-09-25'),
(84, 8, 'Octubre', 2012, 242, '2014-08-16'),
(84, 3, 'Octubre', 2013, 386, '2014-08-24'),
(84, 9, 'Octubre', 2014, 201, '2015-06-19'),
(84, 5, 'Septiembre', 2010, 150, '2014-02-13'),
(84, 3, 'Septiembre', 2011, 199, '2014-09-15'),
(84, 9, 'Septiembre', 2012, 142, '2014-03-26'),
(84, 3, 'Septiembre', 2013, 316, '2015-06-12'),
(84, 9, 'Septiembre', 2014, 151, '2015-08-05'),
(84, 3, 'Septiembre', 2015, 308, '2014-07-17'),
(85, 7, 'Abril', 2010, 386, '2013-08-10'),
(85, 2, 'Abril', 2011, 307, '2013-10-17'),
(85, 5, 'Abril', 2012, 275, '2014-04-29'),
(85, 8, 'Abril', 2013, 355, '2014-06-11'),
(85, 7, 'Abril', 2014, 248, '2014-02-18'),
(85, 1, 'Abril', 2015, 375, '2014-06-10'),
(85, 2, 'Agosto', 2010, 131, '2015-01-15'),
(85, 4, 'Agosto', 2011, 331, '2015-06-16'),
(85, 2, 'Agosto', 2012, 261, '2014-05-21'),
(85, 6, 'Agosto', 2013, 211, '2013-11-20'),
(85, 3, 'Agosto', 2014, 171, '2013-11-30'),
(85, 7, 'Agosto', 2015, 126, '2014-03-02'),
(85, 4, 'Julio', 2010, 317, '2014-12-23'),
(85, 5, 'Julio', 2011, 203, '2014-10-03'),
(85, 8, 'Julio', 2012, 265, '2014-10-13'),
(85, 6, 'Julio', 2013, 315, '2014-03-16'),
(85, 8, 'Julio', 2014, 380, '2015-06-17'),
(85, 6, 'Julio', 2015, 252, '2015-04-08'),
(85, 8, 'Junio', 2010, 324, '2015-07-10'),
(85, 6, 'Junio', 2011, 162, '2013-10-11'),
(85, 10, 'Junio', 2012, 341, '2014-01-02'),
(85, 3, 'Junio', 2013, 216, '2015-08-23'),
(85, 10, 'Junio', 2014, 257, '2015-07-24'),
(85, 10, 'Junio', 2015, 238, '2015-03-19'),
(85, 7, 'Mayo', 2010, 321, '2014-04-27'),
(85, 8, 'Mayo', 2011, 187, '2014-06-05'),
(85, 7, 'Mayo', 2012, 174, '2015-01-08'),
(85, 6, 'Mayo', 2013, 210, '2013-10-08'),
(85, 7, 'Mayo', 2014, 128, '2013-09-01'),
(85, 3, 'Mayo', 2015, 212, '2015-02-13'),
(85, 9, 'Noviembre', 2010, 275, '2015-04-23'),
(85, 2, 'Noviembre', 2011, 338, '2014-11-26'),
(85, 1, 'Noviembre', 2012, 164, '2015-08-01'),
(85, 6, 'Noviembre', 2013, 310, '2015-01-31'),
(85, 7, 'Noviembre', 2014, 357, '2013-09-25'),
(85, 4, 'Octubre', 2010, 196, '2014-04-11'),
(85, 1, 'Octubre', 2011, 121, '2013-11-26'),
(85, 10, 'Octubre', 2012, 219, '2013-11-22'),
(85, 9, 'Octubre', 2013, 333, '2014-04-18'),
(85, 4, 'Octubre', 2014, 304, '2013-10-11'),
(85, 5, 'Octubre', 2015, 123, '2014-02-23'),
(85, 7, 'Septiembre', 2010, 204, '2014-03-07'),
(85, 1, 'Septiembre', 2011, 250, '2015-05-21'),
(85, 10, 'Septiembre', 2012, 237, '2014-06-09'),
(85, 1, 'Septiembre', 2013, 336, '2015-08-11'),
(85, 3, 'Septiembre', 2014, 266, '2014-07-10'),
(85, 10, 'Septiembre', 2015, 224, '2014-02-23'),
(86, 5, 'Abril', 2010, 222, '2014-09-06'),
(86, 8, 'Abril', 2011, 338, '2015-06-23'),
(86, 2, 'Abril', 2012, 322, '2014-07-25'),
(86, 2, 'Abril', 2013, 195, '2014-07-07'),
(86, 2, 'Abril', 2014, 213, '2015-07-03'),
(86, 2, 'Abril', 2015, 379, '2014-10-31'),
(86, 10, 'Agosto', 2010, 252, '2014-05-08'),
(86, 10, 'Agosto', 2011, 326, '2015-08-18'),
(86, 3, 'Agosto', 2012, 170, '2013-11-18'),
(86, 9, 'Agosto', 2013, 377, '2015-01-28'),
(86, 2, 'Agosto', 2014, 373, '2015-04-23'),
(86, 2, 'Agosto', 2015, 333, '2014-10-26'),
(86, 9, 'Julio', 2010, 145, '2014-05-18'),
(86, 6, 'Julio', 2011, 228, '2015-07-06'),
(86, 7, 'Julio', 2012, 303, '2014-11-14'),
(86, 4, 'Julio', 2013, 133, '2013-11-17'),
(86, 9, 'Julio', 2014, 257, '2015-08-14'),
(86, 8, 'Julio', 2015, 184, '2014-10-15'),
(86, 7, 'Junio', 2010, 349, '2015-05-27'),
(86, 7, 'Junio', 2011, 193, '2015-07-29'),
(86, 3, 'Junio', 2012, 120, '2014-03-04'),
(86, 3, 'Junio', 2013, 221, '2015-06-20'),
(86, 1, 'Junio', 2014, 346, '2014-07-29'),
(86, 9, 'Junio', 2015, 363, '2015-08-19'),
(86, 9, 'Mayo', 2010, 379, '2014-04-20'),
(86, 2, 'Mayo', 2011, 105, '2015-07-25'),
(86, 4, 'Mayo', 2012, 191, '2014-07-16'),
(86, 9, 'Mayo', 2013, 241, '2014-08-11'),
(86, 8, 'Mayo', 2014, 230, '2015-02-02'),
(86, 2, 'Mayo', 2015, 327, '2014-03-21'),
(86, 6, 'Noviembre', 2010, 244, '2014-10-02'),
(86, 4, 'Noviembre', 2011, 140, '2015-03-29'),
(86, 8, 'Noviembre', 2012, 167, '2015-09-23'),
(86, 9, 'Noviembre', 2013, 319, '2015-05-25'),
(86, 8, 'Noviembre', 2014, 391, '2015-02-06'),
(86, 9, 'Octubre', 2010, 205, '2013-10-30'),
(86, 10, 'Octubre', 2011, 339, '2014-11-05'),
(86, 10, 'Octubre', 2012, 379, '2013-08-15'),
(86, 9, 'Octubre', 2013, 179, '2015-03-18'),
(86, 9, 'Octubre', 2014, 258, '2015-06-06'),
(86, 4, 'Septiembre', 2010, 294, '2015-02-06'),
(86, 6, 'Septiembre', 2011, 306, '2013-11-25'),
(86, 5, 'Septiembre', 2012, 251, '2015-05-21'),
(86, 1, 'Septiembre', 2013, 235, '2015-05-11'),
(86, 10, 'Septiembre', 2014, 323, '2014-09-21'),
(86, 2, 'Septiembre', 2015, 210, '2015-02-21'),
(87, 3, 'Abril', 2010, 280, '2013-08-14'),
(87, 6, 'Abril', 2011, 372, '2014-03-12'),
(87, 9, 'Abril', 2012, 317, '2015-05-08'),
(87, 8, 'Abril', 2013, 371, '2015-07-22'),
(87, 6, 'Abril', 2014, 201, '2014-01-25'),
(87, 7, 'Abril', 2015, 395, '2014-04-13'),
(87, 3, 'Agosto', 2010, 369, '2015-02-14'),
(87, 9, 'Agosto', 2011, 258, '2014-03-21'),
(87, 2, 'Agosto', 2012, 385, '2013-11-18'),
(87, 10, 'Agosto', 2013, 149, '2013-07-24'),
(87, 5, 'Agosto', 2014, 393, '2014-08-03'),
(87, 5, 'Agosto', 2015, 214, '2015-08-27'),
(87, 4, 'Julio', 2010, 396, '2015-05-28'),
(87, 3, 'Julio', 2011, 333, '2015-08-16'),
(87, 10, 'Julio', 2012, 377, '2013-08-23'),
(87, 5, 'Julio', 2013, 184, '2015-09-25'),
(87, 3, 'Julio', 2014, 292, '2015-03-21'),
(87, 7, 'Julio', 2015, 205, '2013-11-21'),
(87, 6, 'Junio', 2010, 351, '2013-11-16'),
(87, 2, 'Junio', 2011, 137, '2015-05-24'),
(87, 8, 'Junio', 2012, 136, '2014-06-16'),
(87, 8, 'Junio', 2013, 170, '2014-10-07'),
(87, 8, 'Junio', 2014, 341, '2014-05-25'),
(87, 10, 'Junio', 2015, 192, '2013-09-21'),
(87, 4, 'Mayo', 2010, 139, '2014-09-26'),
(87, 4, 'Mayo', 2011, 323, '2013-11-30'),
(87, 8, 'Mayo', 2012, 192, '2015-04-29'),
(87, 8, 'Mayo', 2013, 196, '2014-08-25'),
(87, 1, 'Mayo', 2014, 301, '2014-04-27'),
(87, 10, 'Mayo', 2015, 218, '2015-03-02'),
(87, 7, 'Noviembre', 2010, 389, '2014-06-03'),
(87, 4, 'Noviembre', 2011, 287, '2014-06-09'),
(87, 2, 'Noviembre', 2012, 170, '2015-05-15'),
(87, 5, 'Noviembre', 2013, 190, '2014-12-09'),
(87, 3, 'Noviembre', 2014, 342, '2014-08-10'),
(87, 6, 'Octubre', 2010, 160, '2015-03-18'),
(87, 6, 'Octubre', 2011, 290, '2014-03-02'),
(87, 1, 'Octubre', 2012, 271, '2013-12-24'),
(87, 1, 'Octubre', 2013, 382, '2014-03-16'),
(87, 6, 'Octubre', 2014, 396, '2015-02-09'),
(87, 7, 'Octubre', 2015, 132, '2015-09-25'),
(87, 2, 'Septiembre', 2010, 277, '2013-11-07'),
(87, 6, 'Septiembre', 2011, 287, '2014-09-06'),
(87, 4, 'Septiembre', 2012, 202, '2015-01-22'),
(87, 1, 'Septiembre', 2013, 352, '2014-05-15'),
(87, 1, 'Septiembre', 2014, 151, '2014-08-19'),
(87, 6, 'Septiembre', 2015, 203, '2014-11-04'),
(88, 2, 'Abril', 2010, 162, '2013-10-12'),
(88, 10, 'Abril', 2011, 100, '2015-08-28'),
(88, 7, 'Abril', 2012, 217, '2014-01-21'),
(88, 1, 'Abril', 2013, 384, '2014-12-30'),
(88, 4, 'Abril', 2014, 264, '2015-03-20'),
(88, 3, 'Abril', 2015, 372, '2013-11-04'),
(88, 7, 'Agosto', 2010, 365, '2014-12-29'),
(88, 4, 'Agosto', 2011, 310, '2015-06-16'),
(88, 1, 'Agosto', 2012, 354, '2015-08-02'),
(88, 2, 'Agosto', 2013, 141, '2015-08-08'),
(88, 9, 'Agosto', 2014, 143, '2013-08-16'),
(88, 2, 'Agosto', 2015, 192, '2014-11-02'),
(88, 4, 'Julio', 2010, 132, '2014-07-01'),
(88, 9, 'Julio', 2011, 287, '2015-01-11'),
(88, 6, 'Julio', 2012, 334, '2014-09-25'),
(88, 9, 'Julio', 2013, 110, '2013-10-20'),
(88, 5, 'Julio', 2014, 351, '2015-03-08'),
(88, 8, 'Julio', 2015, 119, '2014-12-29'),
(88, 7, 'Junio', 2010, 349, '2015-01-15'),
(88, 6, 'Junio', 2011, 383, '2014-03-17'),
(88, 9, 'Junio', 2012, 168, '2015-03-19'),
(88, 8, 'Junio', 2013, 195, '2015-04-12'),
(88, 5, 'Junio', 2014, 371, '2015-04-25'),
(88, 5, 'Junio', 2015, 266, '2014-01-27'),
(88, 9, 'Mayo', 2010, 119, '2015-03-02'),
(88, 9, 'Mayo', 2011, 300, '2014-11-28'),
(88, 8, 'Mayo', 2012, 142, '2015-06-29'),
(88, 6, 'Mayo', 2013, 310, '2014-04-28'),
(88, 6, 'Mayo', 2014, 123, '2014-07-13'),
(88, 9, 'Mayo', 2015, 185, '2014-07-15'),
(88, 6, 'Noviembre', 2010, 156, '2015-06-21'),
(88, 7, 'Noviembre', 2011, 127, '2014-07-11'),
(88, 4, 'Noviembre', 2012, 369, '2013-10-04'),
(88, 9, 'Noviembre', 2013, 162, '2015-03-16'),
(88, 9, 'Noviembre', 2014, 202, '2015-09-15'),
(88, 2, 'Octubre', 2010, 223, '2013-12-07'),
(88, 6, 'Octubre', 2011, 340, '2014-11-14'),
(88, 7, 'Octubre', 2012, 327, '2014-12-14'),
(88, 10, 'Octubre', 2013, 213, '2013-10-12'),
(88, 9, 'Octubre', 2014, 288, '2014-01-29'),
(88, 8, 'Octubre', 2015, 400, '2014-11-19'),
(88, 4, 'Septiembre', 2010, 134, '2013-12-21'),
(88, 10, 'Septiembre', 2011, 271, '2014-02-08'),
(88, 5, 'Septiembre', 2012, 253, '2014-01-04'),
(88, 9, 'Septiembre', 2013, 354, '2013-10-09'),
(88, 9, 'Septiembre', 2014, 307, '2014-10-08'),
(88, 1, 'Septiembre', 2015, 373, '2015-08-25'),
(89, 7, 'Abril', 2010, 242, '2013-10-30'),
(89, 7, 'Abril', 2011, 294, '2014-04-23'),
(89, 1, 'Abril', 2012, 342, '2014-07-25'),
(89, 7, 'Abril', 2013, 127, '2015-05-06'),
(89, 1, 'Abril', 2014, 110, '2013-11-01'),
(89, 6, 'Abril', 2015, 370, '2014-07-31'),
(89, 8, 'Agosto', 2010, 218, '2014-03-17'),
(89, 3, 'Agosto', 2011, 179, '2013-09-21'),
(89, 6, 'Agosto', 2012, 144, '2014-03-28'),
(89, 9, 'Agosto', 2013, 385, '2013-12-03'),
(89, 3, 'Agosto', 2014, 187, '2014-03-14'),
(89, 8, 'Agosto', 2015, 282, '2014-03-30'),
(89, 8, 'Julio', 2010, 148, '2013-10-05'),
(89, 7, 'Julio', 2011, 399, '2015-07-11'),
(89, 7, 'Julio', 2012, 245, '2014-11-26'),
(89, 4, 'Julio', 2013, 229, '2014-03-12'),
(89, 9, 'Julio', 2014, 312, '2015-08-13'),
(89, 3, 'Julio', 2015, 169, '2015-01-13'),
(89, 9, 'Junio', 2010, 112, '2015-08-15'),
(89, 2, 'Junio', 2011, 253, '2014-05-22'),
(89, 3, 'Junio', 2012, 228, '2014-01-06'),
(89, 1, 'Junio', 2013, 283, '2015-06-06'),
(89, 2, 'Junio', 2014, 330, '2013-08-06'),
(89, 1, 'Junio', 2015, 399, '2015-03-13'),
(89, 10, 'Mayo', 2010, 303, '2014-10-25'),
(89, 9, 'Mayo', 2011, 221, '2014-10-02'),
(89, 10, 'Mayo', 2012, 398, '2014-08-11'),
(89, 9, 'Mayo', 2013, 322, '2013-09-02'),
(89, 4, 'Mayo', 2014, 316, '2014-08-01'),
(89, 6, 'Mayo', 2015, 215, '2014-06-13'),
(89, 2, 'Noviembre', 2010, 328, '2013-09-05'),
(89, 6, 'Noviembre', 2011, 293, '2014-06-11'),
(89, 5, 'Noviembre', 2012, 383, '2013-11-20'),
(89, 10, 'Noviembre', 2013, 332, '2014-07-03'),
(89, 7, 'Noviembre', 2014, 111, '2015-04-01'),
(89, 5, 'Octubre', 2010, 175, '2015-02-11'),
(89, 5, 'Octubre', 2011, 293, '2015-08-05'),
(89, 6, 'Octubre', 2012, 235, '2014-08-10'),
(89, 4, 'Octubre', 2013, 199, '2014-11-17'),
(89, 8, 'Octubre', 2014, 188, '2014-11-17'),
(89, 4, 'Octubre', 2015, 243, '2014-02-19'),
(89, 2, 'Septiembre', 2010, 252, '2014-01-24'),
(89, 4, 'Septiembre', 2011, 132, '2014-03-18'),
(89, 8, 'Septiembre', 2012, 104, '2015-06-15'),
(89, 10, 'Septiembre', 2013, 324, '2014-09-04'),
(89, 7, 'Septiembre', 2014, 307, '2015-06-05'),
(89, 3, 'Septiembre', 2015, 162, '2015-05-04'),
(90, 4, 'Abril', 2010, 390, '2013-11-19'),
(90, 5, 'Abril', 2011, 163, '2015-04-04'),
(90, 10, 'Abril', 2012, 148, '2014-05-26'),
(90, 8, 'Abril', 2013, 152, '2013-10-01'),
(90, 4, 'Abril', 2014, 213, '2013-08-02'),
(90, 3, 'Abril', 2015, 212, '2015-09-01'),
(90, 7, 'Agosto', 2010, 320, '2014-04-21'),
(90, 1, 'Agosto', 2011, 261, '2014-02-07'),
(90, 6, 'Agosto', 2012, 245, '2013-11-02'),
(90, 9, 'Agosto', 2013, 343, '2015-04-29'),
(90, 4, 'Agosto', 2014, 277, '2014-07-21'),
(90, 4, 'Agosto', 2015, 258, '2015-06-22'),
(90, 4, 'Julio', 2010, 362, '2014-08-21'),
(90, 3, 'Julio', 2011, 331, '2015-07-21'),
(90, 8, 'Julio', 2012, 169, '2015-06-27'),
(90, 5, 'Julio', 2013, 353, '2014-01-03'),
(90, 9, 'Julio', 2014, 257, '2013-07-23'),
(90, 10, 'Julio', 2015, 128, '2015-05-08'),
(90, 2, 'Junio', 2010, 369, '2014-06-06'),
(90, 9, 'Junio', 2011, 158, '2015-07-17'),
(90, 6, 'Junio', 2012, 187, '2015-09-23'),
(90, 1, 'Junio', 2013, 362, '2013-11-11'),
(90, 1, 'Junio', 2014, 246, '2015-02-05'),
(90, 1, 'Junio', 2015, 344, '2015-06-04'),
(90, 8, 'Mayo', 2010, 283, '2015-03-10'),
(90, 9, 'Mayo', 2011, 283, '2014-04-14'),
(90, 4, 'Mayo', 2012, 167, '2015-04-14'),
(90, 2, 'Mayo', 2013, 187, '2014-06-05'),
(90, 1, 'Mayo', 2014, 333, '2015-05-11'),
(90, 2, 'Mayo', 2015, 100, '2014-05-07'),
(90, 1, 'Noviembre', 2010, 308, '2014-05-29'),
(90, 10, 'Noviembre', 2011, 235, '2014-01-04'),
(90, 2, 'Noviembre', 2012, 151, '2014-05-05'),
(90, 10, 'Noviembre', 2013, 254, '2014-06-14'),
(90, 10, 'Noviembre', 2014, 113, '2014-02-17'),
(90, 1, 'Octubre', 2010, 189, '2015-09-05'),
(90, 1, 'Octubre', 2011, 229, '2015-06-25'),
(90, 5, 'Octubre', 2012, 176, '2014-06-23'),
(90, 9, 'Octubre', 2013, 394, '2013-11-06'),
(90, 2, 'Octubre', 2014, 140, '2015-02-08'),
(90, 4, 'Octubre', 2015, 320, '2014-01-13'),
(90, 3, 'Septiembre', 2010, 179, '2014-12-27'),
(90, 4, 'Septiembre', 2011, 137, '2015-08-18'),
(90, 8, 'Septiembre', 2012, 348, '2014-04-02'),
(90, 7, 'Septiembre', 2013, 325, '2013-12-04'),
(90, 7, 'Septiembre', 2014, 182, '2014-01-13'),
(90, 10, 'Septiembre', 2015, 135, '2013-12-24'),
(91, 9, 'Abril', 2010, 333, '2015-06-21'),
(91, 8, 'Abril', 2011, 256, '2014-08-12'),
(91, 6, 'Abril', 2012, 181, '2014-03-29'),
(91, 3, 'Abril', 2013, 337, '2014-03-04'),
(91, 7, 'Abril', 2014, 142, '2014-05-04'),
(91, 9, 'Abril', 2015, 202, '2014-04-12'),
(91, 2, 'Agosto', 2010, 184, '2013-07-23'),
(91, 2, 'Agosto', 2011, 212, '2013-09-26'),
(91, 6, 'Agosto', 2012, 110, '2015-07-06'),
(91, 1, 'Agosto', 2013, 116, '2014-07-30'),
(91, 6, 'Agosto', 2014, 147, '2014-09-24'),
(91, 3, 'Agosto', 2015, 291, '2014-11-19'),
(91, 9, 'Julio', 2010, 312, '2014-07-23'),
(91, 2, 'Julio', 2011, 286, '2013-11-26'),
(91, 4, 'Julio', 2012, 394, '2015-01-03'),
(91, 9, 'Julio', 2013, 111, '2013-07-24'),
(91, 7, 'Julio', 2014, 176, '2014-10-20'),
(91, 7, 'Julio', 2015, 144, '2015-02-28'),
(91, 1, 'Junio', 2010, 397, '2013-12-28'),
(91, 8, 'Junio', 2011, 246, '2015-07-24'),
(91, 10, 'Junio', 2012, 243, '2013-11-05'),
(91, 7, 'Junio', 2013, 376, '2013-12-07'),
(91, 9, 'Junio', 2014, 150, '2014-08-15'),
(91, 8, 'Junio', 2015, 125, '2014-10-05'),
(91, 4, 'Mayo', 2010, 375, '2015-07-28'),
(91, 9, 'Mayo', 2011, 196, '2014-04-19'),
(91, 5, 'Mayo', 2012, 360, '2014-10-29'),
(91, 10, 'Mayo', 2013, 209, '2014-10-15'),
(91, 2, 'Mayo', 2014, 166, '2014-11-14'),
(91, 10, 'Mayo', 2015, 105, '2013-10-02'),
(91, 4, 'Noviembre', 2010, 227, '2014-12-28'),
(91, 7, 'Noviembre', 2011, 121, '2013-11-22'),
(91, 8, 'Noviembre', 2012, 123, '2015-07-29'),
(91, 6, 'Noviembre', 2013, 151, '2015-05-28'),
(91, 1, 'Noviembre', 2014, 288, '2015-08-06'),
(91, 7, 'Octubre', 2010, 170, '2014-10-21'),
(91, 5, 'Octubre', 2011, 192, '2015-03-14'),
(91, 9, 'Octubre', 2012, 349, '2015-08-23'),
(91, 4, 'Octubre', 2013, 168, '2014-01-24'),
(91, 2, 'Octubre', 2014, 292, '2014-01-12'),
(91, 6, 'Octubre', 2015, 258, '2014-05-23'),
(91, 1, 'Septiembre', 2010, 315, '2014-02-11'),
(91, 9, 'Septiembre', 2011, 400, '2014-08-25'),
(91, 5, 'Septiembre', 2012, 351, '2014-02-15'),
(91, 2, 'Septiembre', 2013, 157, '2014-12-22'),
(91, 4, 'Septiembre', 2014, 235, '2013-10-05'),
(91, 2, 'Septiembre', 2015, 301, '2014-02-11'),
(92, 9, 'Abril', 2010, 400, '2014-08-11'),
(92, 1, 'Abril', 2011, 398, '2014-10-21'),
(92, 3, 'Abril', 2012, 388, '2015-07-01'),
(92, 10, 'Abril', 2013, 347, '2015-03-30'),
(92, 9, 'Abril', 2014, 169, '2015-08-02'),
(92, 2, 'Abril', 2015, 308, '2014-12-29'),
(92, 7, 'Agosto', 2010, 330, '2014-10-21'),
(92, 3, 'Agosto', 2011, 326, '2014-01-27'),
(92, 5, 'Agosto', 2012, 239, '2015-03-25'),
(92, 5, 'Agosto', 2013, 119, '2013-09-10'),
(92, 4, 'Agosto', 2014, 379, '2015-01-25'),
(92, 10, 'Agosto', 2015, 235, '2015-04-09'),
(92, 7, 'Julio', 2010, 237, '2015-09-20'),
(92, 1, 'Julio', 2011, 384, '2014-09-28'),
(92, 3, 'Julio', 2012, 206, '2015-06-14'),
(92, 7, 'Julio', 2013, 380, '2015-07-22'),
(92, 4, 'Julio', 2014, 281, '2015-09-04'),
(92, 10, 'Julio', 2015, 163, '2013-08-09'),
(92, 1, 'Junio', 2010, 175, '2014-11-12'),
(92, 10, 'Junio', 2011, 286, '2014-03-11'),
(92, 4, 'Junio', 2012, 205, '2014-04-27'),
(92, 7, 'Junio', 2013, 369, '2014-05-02'),
(92, 3, 'Junio', 2014, 226, '2014-03-31'),
(92, 6, 'Junio', 2015, 224, '2015-06-17'),
(92, 10, 'Mayo', 2010, 345, '2015-05-27'),
(92, 5, 'Mayo', 2011, 350, '2013-08-21'),
(92, 9, 'Mayo', 2012, 315, '2014-08-31'),
(92, 3, 'Mayo', 2013, 126, '2015-04-22'),
(92, 3, 'Mayo', 2014, 186, '2014-09-25'),
(92, 7, 'Mayo', 2015, 151, '2015-02-27'),
(92, 7, 'Noviembre', 2010, 100, '2014-06-17'),
(92, 2, 'Noviembre', 2011, 245, '2015-04-17'),
(92, 6, 'Noviembre', 2012, 227, '2014-09-04'),
(92, 7, 'Noviembre', 2013, 298, '2015-06-10'),
(92, 6, 'Noviembre', 2014, 107, '2014-01-28'),
(92, 7, 'Octubre', 2010, 293, '2014-10-14'),
(92, 8, 'Octubre', 2011, 336, '2014-05-02'),
(92, 1, 'Octubre', 2012, 100, '2014-10-09'),
(92, 6, 'Octubre', 2013, 297, '2013-10-28'),
(92, 9, 'Octubre', 2014, 181, '2013-09-16'),
(92, 2, 'Octubre', 2015, 214, '2014-12-12'),
(92, 1, 'Septiembre', 2010, 126, '2014-10-26'),
(92, 8, 'Septiembre', 2011, 193, '2013-11-06'),
(92, 1, 'Septiembre', 2012, 184, '2014-07-08'),
(92, 6, 'Septiembre', 2013, 242, '2015-04-28'),
(92, 1, 'Septiembre', 2014, 258, '2015-07-13'),
(92, 9, 'Septiembre', 2015, 164, '2014-12-28'),
(93, 6, 'Abril', 2010, 249, '2014-02-27'),
(93, 10, 'Abril', 2011, 349, '2014-05-18'),
(93, 7, 'Abril', 2012, 299, '2015-07-14'),
(93, 3, 'Abril', 2013, 348, '2014-04-12'),
(93, 8, 'Abril', 2014, 143, '2014-05-06'),
(93, 6, 'Abril', 2015, 173, '2013-11-12'),
(93, 10, 'Agosto', 2010, 336, '2014-08-23'),
(93, 4, 'Agosto', 2011, 160, '2014-05-05'),
(93, 9, 'Agosto', 2012, 293, '2014-11-26'),
(93, 5, 'Agosto', 2013, 285, '2015-04-21'),
(93, 4, 'Agosto', 2014, 144, '2014-07-14'),
(93, 4, 'Agosto', 2015, 369, '2014-09-04'),
(93, 9, 'Julio', 2010, 110, '2013-10-20'),
(93, 7, 'Julio', 2011, 247, '2015-08-01'),
(93, 9, 'Julio', 2012, 202, '2014-03-12'),
(93, 4, 'Julio', 2013, 170, '2014-12-16'),
(93, 8, 'Julio', 2014, 144, '2014-11-06'),
(93, 5, 'Julio', 2015, 111, '2013-12-13'),
(93, 1, 'Junio', 2010, 323, '2015-03-13'),
(93, 4, 'Junio', 2011, 281, '2014-09-17'),
(93, 10, 'Junio', 2012, 337, '2014-02-27'),
(93, 10, 'Junio', 2013, 142, '2013-09-22'),
(93, 3, 'Junio', 2014, 200, '2013-09-24'),
(93, 10, 'Junio', 2015, 173, '2014-11-28'),
(93, 10, 'Mayo', 2010, 164, '2014-10-15'),
(93, 8, 'Mayo', 2011, 204, '2015-09-03'),
(93, 8, 'Mayo', 2012, 128, '2014-06-17'),
(93, 6, 'Mayo', 2013, 228, '2013-12-29'),
(93, 7, 'Mayo', 2014, 358, '2013-11-28'),
(93, 3, 'Mayo', 2015, 102, '2015-05-24'),
(93, 1, 'Noviembre', 2010, 240, '2015-02-14'),
(93, 2, 'Noviembre', 2011, 192, '2015-01-29'),
(93, 7, 'Noviembre', 2012, 141, '2014-10-27'),
(93, 3, 'Noviembre', 2013, 331, '2015-02-27'),
(93, 7, 'Noviembre', 2014, 228, '2014-01-16'),
(93, 1, 'Octubre', 2010, 359, '2014-09-10'),
(93, 4, 'Octubre', 2011, 350, '2014-08-09'),
(93, 10, 'Octubre', 2012, 271, '2014-09-16'),
(93, 6, 'Octubre', 2013, 205, '2014-07-13'),
(93, 1, 'Octubre', 2014, 115, '2015-02-05'),
(93, 4, 'Octubre', 2015, 158, '2014-10-18'),
(93, 5, 'Septiembre', 2010, 348, '2014-06-28'),
(93, 2, 'Septiembre', 2011, 262, '2015-03-02'),
(93, 6, 'Septiembre', 2012, 169, '2014-10-08'),
(93, 9, 'Septiembre', 2013, 259, '2015-03-01'),
(93, 1, 'Septiembre', 2014, 387, '2013-08-20'),
(93, 9, 'Septiembre', 2015, 158, '2014-06-27'),
(94, 7, 'Abril', 2010, 130, '2014-12-09'),
(94, 1, 'Abril', 2011, 376, '2015-06-14'),
(94, 6, 'Abril', 2012, 188, '2014-07-14'),
(94, 1, 'Abril', 2013, 314, '2015-01-23'),
(94, 5, 'Abril', 2014, 303, '2014-01-04'),
(94, 3, 'Abril', 2015, 174, '2014-03-29'),
(94, 10, 'Agosto', 2010, 161, '2013-09-30'),
(94, 9, 'Agosto', 2011, 183, '2015-07-10'),
(94, 3, 'Agosto', 2012, 335, '2015-04-02'),
(94, 8, 'Agosto', 2013, 120, '2015-09-12'),
(94, 3, 'Agosto', 2014, 101, '2014-11-01'),
(94, 4, 'Agosto', 2015, 344, '2014-12-16'),
(94, 5, 'Julio', 2010, 113, '2015-05-30'),
(94, 8, 'Julio', 2011, 336, '2013-09-13'),
(94, 3, 'Julio', 2012, 338, '2015-04-02'),
(94, 3, 'Julio', 2013, 282, '2014-05-14'),
(94, 1, 'Julio', 2014, 297, '2013-08-15'),
(94, 6, 'Julio', 2015, 239, '2015-02-17'),
(94, 7, 'Junio', 2010, 204, '2014-04-11'),
(94, 8, 'Junio', 2011, 204, '2014-01-08'),
(94, 2, 'Junio', 2012, 310, '2014-06-09'),
(94, 8, 'Junio', 2013, 235, '2015-04-02'),
(94, 5, 'Junio', 2014, 145, '2014-04-18'),
(94, 5, 'Junio', 2015, 222, '2014-07-02'),
(94, 6, 'Mayo', 2010, 275, '2015-08-03'),
(94, 5, 'Mayo', 2011, 310, '2014-11-23'),
(94, 5, 'Mayo', 2012, 322, '2013-11-29'),
(94, 1, 'Mayo', 2013, 282, '2015-04-29'),
(94, 3, 'Mayo', 2014, 344, '2014-09-03'),
(94, 9, 'Mayo', 2015, 173, '2014-03-31'),
(94, 3, 'Noviembre', 2010, 334, '2013-09-25'),
(94, 4, 'Noviembre', 2011, 149, '2013-08-23'),
(94, 8, 'Noviembre', 2012, 245, '2014-04-26'),
(94, 3, 'Noviembre', 2013, 376, '2015-09-06'),
(94, 1, 'Noviembre', 2014, 145, '2014-09-29'),
(94, 4, 'Octubre', 2010, 260, '2015-03-01'),
(94, 2, 'Octubre', 2011, 300, '2014-01-01'),
(94, 5, 'Octubre', 2012, 323, '2015-04-24'),
(94, 3, 'Octubre', 2013, 313, '2015-06-30'),
(94, 9, 'Octubre', 2014, 194, '2014-06-13'),
(94, 9, 'Octubre', 2015, 233, '2013-09-05'),
(94, 3, 'Septiembre', 2010, 182, '2014-08-07'),
(94, 6, 'Septiembre', 2011, 112, '2014-05-13'),
(94, 4, 'Septiembre', 2012, 214, '2015-08-08'),
(94, 9, 'Septiembre', 2013, 335, '2013-07-31'),
(94, 6, 'Septiembre', 2014, 332, '2015-09-03'),
(94, 3, 'Septiembre', 2015, 255, '2014-02-23'),
(95, 5, 'Abril', 2010, 179, '2015-08-21'),
(95, 8, 'Abril', 2011, 329, '2015-08-29'),
(95, 2, 'Abril', 2012, 109, '2014-08-20'),
(95, 1, 'Abril', 2013, 361, '2015-04-07'),
(95, 5, 'Abril', 2014, 173, '2014-05-11'),
(95, 1, 'Abril', 2015, 287, '2014-10-17'),
(95, 9, 'Agosto', 2010, 213, '2015-01-29'),
(95, 1, 'Agosto', 2011, 106, '2015-06-06'),
(95, 3, 'Agosto', 2012, 393, '2015-08-08'),
(95, 4, 'Agosto', 2013, 344, '2015-07-15'),
(95, 6, 'Agosto', 2014, 139, '2014-06-01'),
(95, 7, 'Agosto', 2015, 168, '2014-04-16'),
(95, 10, 'Julio', 2010, 322, '2013-09-12'),
(95, 5, 'Julio', 2011, 102, '2015-07-03'),
(95, 8, 'Julio', 2012, 348, '2014-11-29'),
(95, 10, 'Julio', 2013, 131, '2015-05-28'),
(95, 10, 'Julio', 2014, 113, '2013-10-24'),
(95, 4, 'Julio', 2015, 375, '2015-07-15'),
(95, 9, 'Junio', 2010, 233, '2015-05-04'),
(95, 4, 'Junio', 2011, 243, '2015-08-02'),
(95, 4, 'Junio', 2012, 112, '2014-07-01'),
(95, 3, 'Junio', 2013, 335, '2015-01-09'),
(95, 8, 'Junio', 2014, 337, '2014-03-21'),
(95, 1, 'Junio', 2015, 278, '2014-05-17'),
(95, 7, 'Mayo', 2010, 281, '2015-01-11'),
(95, 5, 'Mayo', 2011, 169, '2015-01-22'),
(95, 3, 'Mayo', 2012, 204, '2015-09-24'),
(95, 7, 'Mayo', 2013, 115, '2013-11-19'),
(95, 8, 'Mayo', 2014, 162, '2014-08-24'),
(95, 4, 'Mayo', 2015, 365, '2013-09-19'),
(95, 2, 'Noviembre', 2010, 339, '2014-12-26'),
(95, 1, 'Noviembre', 2011, 197, '2013-11-29'),
(95, 10, 'Noviembre', 2012, 169, '2014-12-16'),
(95, 8, 'Noviembre', 2013, 155, '2013-10-17'),
(95, 6, 'Noviembre', 2014, 170, '2015-03-09'),
(95, 1, 'Octubre', 2010, 205, '2014-02-10'),
(95, 6, 'Octubre', 2011, 379, '2015-06-21'),
(95, 7, 'Octubre', 2012, 275, '2014-05-09'),
(95, 1, 'Octubre', 2013, 139, '2015-05-26'),
(95, 4, 'Octubre', 2014, 375, '2015-03-17'),
(95, 1, 'Septiembre', 2010, 139, '2015-01-13'),
(95, 6, 'Septiembre', 2011, 138, '2015-02-08'),
(95, 8, 'Septiembre', 2012, 176, '2014-12-02'),
(95, 1, 'Septiembre', 2013, 366, '2013-08-08'),
(95, 2, 'Septiembre', 2014, 299, '2014-01-07'),
(95, 4, 'Septiembre', 2015, 298, '2014-12-01'),
(96, 7, 'Abril', 2010, 191, '2015-09-07'),
(96, 2, 'Abril', 2011, 264, '2015-02-05'),
(96, 2, 'Abril', 2012, 348, '2014-04-13'),
(96, 2, 'Abril', 2013, 245, '2015-04-03'),
(96, 3, 'Abril', 2014, 383, '2014-05-18'),
(96, 8, 'Abril', 2015, 177, '2014-06-14'),
(96, 6, 'Agosto', 2010, 238, '2015-04-15'),
(96, 1, 'Agosto', 2011, 259, '2014-08-18'),
(96, 3, 'Agosto', 2012, 179, '2013-11-05'),
(96, 5, 'Agosto', 2013, 321, '2015-01-12'),
(96, 4, 'Agosto', 2014, 367, '2015-01-03'),
(96, 10, 'Agosto', 2015, 172, '2013-10-09'),
(96, 7, 'Julio', 2010, 259, '2014-07-20'),
(96, 10, 'Julio', 2011, 378, '2014-11-19'),
(96, 9, 'Julio', 2012, 109, '2014-09-14'),
(96, 4, 'Julio', 2013, 217, '2015-05-09'),
(96, 5, 'Julio', 2014, 359, '2015-03-06'),
(96, 5, 'Julio', 2015, 139, '2014-05-25'),
(96, 4, 'Junio', 2010, 119, '2014-03-14'),
(96, 1, 'Junio', 2011, 383, '2015-07-12'),
(96, 7, 'Junio', 2012, 254, '2014-04-09'),
(96, 10, 'Junio', 2013, 321, '2013-10-16'),
(96, 9, 'Junio', 2014, 142, '2013-09-18'),
(96, 5, 'Junio', 2015, 249, '2014-01-13'),
(96, 8, 'Mayo', 2010, 117, '2014-09-26'),
(96, 3, 'Mayo', 2011, 342, '2015-09-19'),
(96, 2, 'Mayo', 2012, 357, '2015-01-08'),
(96, 4, 'Mayo', 2013, 356, '2013-11-19'),
(96, 9, 'Mayo', 2014, 310, '2014-01-25'),
(96, 2, 'Mayo', 2015, 381, '2015-09-05'),
(96, 8, 'Noviembre', 2010, 274, '2014-12-30'),
(96, 8, 'Noviembre', 2011, 126, '2014-12-04'),
(96, 10, 'Noviembre', 2012, 311, '2014-10-16'),
(96, 5, 'Noviembre', 2013, 177, '2014-08-04'),
(96, 10, 'Noviembre', 2014, 152, '2015-07-28'),
(96, 2, 'Octubre', 2010, 386, '2015-05-17'),
(96, 10, 'Octubre', 2011, 242, '2013-12-25'),
(96, 10, 'Octubre', 2012, 253, '2014-08-23'),
(96, 1, 'Octubre', 2013, 139, '2015-02-11'),
(96, 4, 'Octubre', 2014, 139, '2015-03-27'),
(96, 5, 'Septiembre', 2010, 364, '2014-10-02'),
(96, 4, 'Septiembre', 2011, 291, '2015-08-20'),
(96, 3, 'Septiembre', 2012, 262, '2014-06-02'),
(96, 2, 'Septiembre', 2013, 339, '2013-11-23'),
(96, 7, 'Septiembre', 2014, 208, '2013-10-23'),
(96, 1, 'Septiembre', 2015, 225, '2014-06-29'),
(97, 9, 'Abril', 2010, 399, '2014-02-15'),
(97, 4, 'Abril', 2011, 320, '2014-09-28'),
(97, 8, 'Abril', 2012, 301, '2014-09-24'),
(97, 7, 'Abril', 2013, 144, '2014-12-03'),
(97, 10, 'Abril', 2014, 322, '2015-03-14'),
(97, 4, 'Abril', 2015, 175, '2014-07-12'),
(97, 5, 'Agosto', 2010, 111, '2014-12-22'),
(97, 8, 'Agosto', 2011, 229, '2014-09-16'),
(97, 1, 'Agosto', 2012, 112, '2015-07-29'),
(97, 2, 'Agosto', 2013, 373, '2015-04-01'),
(97, 6, 'Agosto', 2014, 229, '2013-12-08'),
(97, 5, 'Agosto', 2015, 227, '2014-05-12'),
(97, 8, 'Julio', 2010, 349, '2015-02-09'),
(97, 5, 'Julio', 2011, 361, '2015-04-26'),
(97, 1, 'Julio', 2012, 356, '2014-07-18'),
(97, 5, 'Julio', 2013, 298, '2015-02-23'),
(97, 2, 'Julio', 2014, 322, '2014-01-31'),
(97, 3, 'Julio', 2015, 314, '2015-08-14'),
(97, 4, 'Junio', 2010, 207, '2014-01-09'),
(97, 1, 'Junio', 2011, 292, '2013-08-09'),
(97, 5, 'Junio', 2012, 138, '2014-04-05'),
(97, 9, 'Junio', 2013, 314, '2014-05-30'),
(97, 1, 'Junio', 2014, 157, '2015-06-16'),
(97, 10, 'Junio', 2015, 346, '2013-10-22'),
(97, 2, 'Mayo', 2010, 256, '2013-12-23'),
(97, 3, 'Mayo', 2011, 140, '2014-01-09'),
(97, 2, 'Mayo', 2012, 135, '2013-12-03'),
(97, 8, 'Mayo', 2013, 156, '2015-07-19'),
(97, 7, 'Mayo', 2014, 274, '2014-08-10'),
(97, 10, 'Mayo', 2015, 201, '2013-11-10'),
(97, 3, 'Noviembre', 2010, 384, '2015-06-17'),
(97, 5, 'Noviembre', 2011, 313, '2013-10-23'),
(97, 2, 'Noviembre', 2012, 316, '2013-10-29'),
(97, 5, 'Noviembre', 2013, 240, '2013-10-12'),
(97, 9, 'Noviembre', 2014, 151, '2013-10-29'),
(97, 3, 'Octubre', 2010, 339, '2015-05-17'),
(97, 6, 'Octubre', 2011, 276, '2013-12-22'),
(97, 2, 'Octubre', 2012, 266, '2013-11-10'),
(97, 6, 'Octubre', 2013, 101, '2013-12-31'),
(97, 8, 'Octubre', 2014, 210, '2015-02-09'),
(97, 6, 'Octubre', 2015, 348, '2014-09-30'),
(97, 6, 'Septiembre', 2010, 105, '2014-07-09'),
(97, 3, 'Septiembre', 2011, 286, '2015-04-21'),
(97, 3, 'Septiembre', 2012, 110, '2014-02-07'),
(97, 3, 'Septiembre', 2013, 196, '2015-03-19'),
(97, 6, 'Septiembre', 2014, 247, '2013-10-01'),
(97, 9, 'Septiembre', 2015, 250, '2015-08-18'),
(98, 3, 'Abril', 2010, 105, '2013-10-03'),
(98, 8, 'Abril', 2011, 281, '2015-01-24'),
(98, 2, 'Abril', 2012, 385, '2015-07-15'),
(98, 7, 'Abril', 2013, 384, '2013-08-24'),
(98, 2, 'Abril', 2014, 364, '2013-12-21'),
(98, 5, 'Abril', 2015, 265, '2014-05-08'),
(98, 7, 'Agosto', 2010, 137, '2013-09-10'),
(98, 7, 'Agosto', 2011, 390, '2015-08-31'),
(98, 4, 'Agosto', 2012, 236, '2014-12-08'),
(98, 5, 'Agosto', 2013, 212, '2015-02-28'),
(98, 10, 'Agosto', 2014, 253, '2015-07-08'),
(98, 6, 'Agosto', 2015, 227, '2013-11-23'),
(98, 4, 'Julio', 2010, 277, '2014-08-25'),
(98, 6, 'Julio', 2011, 304, '2013-10-12'),
(98, 2, 'Julio', 2012, 286, '2015-09-16'),
(98, 1, 'Julio', 2013, 120, '2013-12-01'),
(98, 9, 'Julio', 2014, 243, '2015-08-02'),
(98, 6, 'Julio', 2015, 154, '2015-08-30'),
(98, 2, 'Junio', 2010, 240, '2013-08-08'),
(98, 9, 'Junio', 2011, 341, '2015-06-06'),
(98, 7, 'Junio', 2012, 284, '2013-09-27'),
(98, 6, 'Junio', 2013, 296, '2015-07-03'),
(98, 1, 'Junio', 2014, 229, '2013-12-10'),
(98, 8, 'Junio', 2015, 157, '2014-05-14'),
(98, 3, 'Mayo', 2010, 300, '2015-05-01'),
(98, 6, 'Mayo', 2011, 326, '2014-11-15'),
(98, 4, 'Mayo', 2012, 328, '2014-10-13'),
(98, 8, 'Mayo', 2013, 264, '2015-06-06'),
(98, 10, 'Mayo', 2014, 237, '2014-11-10'),
(98, 3, 'Mayo', 2015, 295, '2015-05-08'),
(98, 1, 'Noviembre', 2010, 360, '2013-12-13'),
(98, 8, 'Noviembre', 2011, 214, '2013-08-02'),
(98, 2, 'Noviembre', 2012, 193, '2014-09-10'),
(98, 4, 'Noviembre', 2013, 224, '2014-06-23'),
(98, 9, 'Noviembre', 2014, 141, '2015-08-10'),
(98, 4, 'Octubre', 2010, 349, '2015-08-02'),
(98, 4, 'Octubre', 2011, 338, '2013-12-02'),
(98, 5, 'Octubre', 2012, 244, '2014-11-02'),
(98, 5, 'Octubre', 2013, 107, '2014-12-19'),
(98, 3, 'Octubre', 2014, 307, '2015-09-16'),
(98, 10, 'Octubre', 2015, 208, '2014-08-10'),
(98, 3, 'Septiembre', 2010, 324, '2013-11-27'),
(98, 8, 'Septiembre', 2011, 293, '2014-01-30'),
(98, 2, 'Septiembre', 2012, 393, '2013-11-19'),
(98, 2, 'Septiembre', 2013, 387, '2015-04-10'),
(98, 1, 'Septiembre', 2014, 353, '2015-07-29'),
(98, 2, 'Septiembre', 2015, 203, '2015-04-24'),
(99, 7, 'Abril', 2010, 159, '2015-05-05'),
(99, 5, 'Abril', 2011, 389, '2014-08-29'),
(99, 2, 'Abril', 2012, 162, '2014-11-02'),
(99, 6, 'Abril', 2013, 146, '2014-07-21'),
(99, 8, 'Abril', 2014, 147, '2015-07-03'),
(99, 4, 'Abril', 2015, 194, '2013-11-15'),
(99, 10, 'Agosto', 2010, 129, '2013-11-02'),
(99, 7, 'Agosto', 2011, 264, '2014-02-19'),
(99, 1, 'Agosto', 2012, 233, '2015-09-19'),
(99, 3, 'Agosto', 2013, 275, '2013-10-03'),
(99, 5, 'Agosto', 2014, 274, '2015-09-18'),
(99, 10, 'Agosto', 2015, 143, '2014-11-14'),
(99, 6, 'Julio', 2010, 396, '2014-09-07'),
(99, 8, 'Julio', 2011, 247, '2014-05-22'),
(99, 10, 'Julio', 2012, 250, '2015-04-16'),
(99, 7, 'Julio', 2013, 107, '2014-05-09'),
(99, 7, 'Julio', 2014, 287, '2015-09-21'),
(99, 9, 'Julio', 2015, 114, '2014-09-24'),
(99, 10, 'Junio', 2010, 208, '2014-06-17'),
(99, 1, 'Junio', 2011, 301, '2013-08-13'),
(99, 10, 'Junio', 2012, 178, '2014-06-06'),
(99, 10, 'Junio', 2013, 190, '2014-06-07'),
(99, 7, 'Junio', 2014, 318, '2014-11-03'),
(99, 7, 'Junio', 2015, 315, '2014-05-22'),
(99, 5, 'Mayo', 2010, 222, '2013-08-05'),
(99, 10, 'Mayo', 2011, 366, '2015-07-11'),
(99, 2, 'Mayo', 2012, 160, '2015-01-22'),
(99, 6, 'Mayo', 2013, 206, '2015-07-27'),
(99, 2, 'Mayo', 2014, 149, '2014-01-24'),
(99, 9, 'Mayo', 2015, 329, '2013-10-02'),
(99, 9, 'Noviembre', 2010, 197, '2015-02-27'),
(99, 9, 'Noviembre', 2011, 198, '2014-11-22'),
(99, 2, 'Noviembre', 2012, 298, '2014-05-16'),
(99, 10, 'Noviembre', 2013, 198, '2014-10-20'),
(99, 6, 'Noviembre', 2014, 295, '2015-03-18'),
(99, 4, 'Octubre', 2010, 209, '2015-07-09'),
(99, 9, 'Octubre', 2011, 108, '2015-08-01'),
(99, 10, 'Octubre', 2012, 117, '2013-10-20'),
(99, 5, 'Octubre', 2013, 160, '2014-03-29'),
(99, 6, 'Octubre', 2014, 351, '2014-02-02'),
(99, 1, 'Octubre', 2015, 271, '2014-04-21'),
(99, 4, 'Septiembre', 2010, 204, '2013-09-27'),
(99, 6, 'Septiembre', 2011, 108, '2015-02-27'),
(99, 4, 'Septiembre', 2012, 128, '2014-10-17'),
(99, 9, 'Septiembre', 2013, 215, '2015-02-05'),
(99, 3, 'Septiembre', 2014, 292, '2014-04-05'),
(99, 6, 'Septiembre', 2015, 111, '2013-07-21'),
(100, 3, 'Abril', 2010, 185, '2015-06-03'),
(100, 6, 'Abril', 2011, 188, '2015-02-24'),
(100, 2, 'Abril', 2012, 288, '2014-10-18'),
(100, 3, 'Abril', 2013, 173, '2015-07-27'),
(100, 2, 'Abril', 2014, 202, '2014-08-08'),
(100, 8, 'Abril', 2015, 391, '2015-02-23'),
(100, 6, 'Agosto', 2010, 347, '2013-10-10'),
(100, 5, 'Agosto', 2011, 160, '2013-08-11'),
(100, 5, 'Agosto', 2012, 262, '2014-10-15'),
(100, 5, 'Agosto', 2013, 129, '2014-11-28'),
(100, 8, 'Agosto', 2014, 363, '2014-08-26'),
(100, 9, 'Agosto', 2015, 121, '2014-10-31'),
(100, 8, 'Julio', 2010, 323, '2014-11-15'),
(100, 4, 'Julio', 2011, 247, '2014-03-13'),
(100, 9, 'Julio', 2012, 166, '2014-07-04'),
(100, 2, 'Julio', 2013, 292, '2013-10-15'),
(100, 10, 'Julio', 2014, 259, '2013-09-12'),
(100, 9, 'Julio', 2015, 321, '2014-12-09'),
(100, 7, 'Junio', 2010, 126, '2014-01-11'),
(100, 1, 'Junio', 2011, 167, '2015-04-23'),
(100, 4, 'Junio', 2012, 361, '2014-07-17'),
(100, 8, 'Junio', 2013, 301, '2015-02-06'),
(100, 9, 'Junio', 2014, 322, '2014-10-01'),
(100, 8, 'Junio', 2015, 306, '2015-04-29'),
(100, 2, 'Mayo', 2010, 162, '2013-10-09'),
(100, 7, 'Mayo', 2011, 397, '2014-01-22'),
(100, 2, 'Mayo', 2012, 197, '2013-09-04'),
(100, 6, 'Mayo', 2013, 293, '2014-08-26'),
(100, 4, 'Mayo', 2014, 174, '2015-05-23'),
(100, 1, 'Mayo', 2015, 190, '2015-05-02'),
(100, 10, 'Noviembre', 2010, 331, '2014-04-26'),
(100, 6, 'Noviembre', 2011, 384, '2014-06-17'),
(100, 4, 'Noviembre', 2012, 227, '2015-08-18'),
(100, 2, 'Noviembre', 2013, 182, '2015-04-26'),
(100, 8, 'Noviembre', 2014, 128, '2013-08-21'),
(100, 6, 'Octubre', 2010, 106, '2015-09-07'),
(100, 3, 'Octubre', 2011, 137, '2014-02-10'),
(100, 8, 'Octubre', 2012, 269, '2014-06-20'),
(100, 2, 'Octubre', 2013, 231, '2015-02-26'),
(100, 9, 'Octubre', 2014, 250, '2014-06-11'),
(100, 7, 'Octubre', 2015, 156, '2013-08-11'),
(100, 6, 'Septiembre', 2010, 230, '2013-10-07'),
(100, 9, 'Septiembre', 2011, 280, '2014-12-10'),
(100, 8, 'Septiembre', 2012, 312, '2014-04-20'),
(100, 6, 'Septiembre', 2013, 318, '2014-05-12'),
(100, 6, 'Septiembre', 2014, 255, '2014-09-19'),
(100, 9, 'Septiembre', 2015, 222, '2015-05-07');

--
-- Triggers `Pagos`
--
DROP TRIGGER IF EXISTS `cuota_borrada`;
DELIMITER //
CREATE TRIGGER `cuota_borrada` AFTER DELETE ON `Pagos`
 FOR EACH ROW BEGIN
	UPDATE Empleado SET Empleado.Saldo = Empleado.Saldo - OLD.Importe
	WHERE Empleado.ID_Empleado = OLD.ID_Empleado;
END
//
DELIMITER ;
DROP TRIGGER IF EXISTS `saldo_trigger`;
DELIMITER //
CREATE TRIGGER `saldo_trigger` AFTER INSERT ON `Pagos`
 FOR EACH ROW BEGIN
	UPDATE Empleado SET Empleado.Saldo = Empleado.Saldo + NEW.Importe WHERE Empleado.ID_Empleado = NEW.ID_Empleado;
END
//
DELIMITER ;

-- --------------------------------------------------------

--
-- Table structure for table `Tutores`
--

CREATE TABLE IF NOT EXISTS `Tutores` (
  `ID_Tutor` int(8) NOT NULL,
  `Nombre` varchar(20) NOT NULL,
  `Apellido` varchar(20) NOT NULL,
  PRIMARY KEY (`ID_Tutor`)
) ENGINE=InnoDB DEFAULT CHARSET=latin1;

--
-- Dumping data for table `Tutores`
--

INSERT INTO `Tutores` (`ID_Tutor`, `Nombre`, `Apellido`) VALUES
(1, 'EDUARDO', 'GARCIA'),
(2, 'EFRAIN', 'GONZALEZ'),
(3, 'EFREN', 'RODRIGUEZ'),
(4, 'ELENA', 'FERNANDEZ'),
(5, 'ELEONOR', 'LOPEZ'),
(6, 'ELIAS', 'MARTINEZ'),
(7, 'ELISA', 'SANCHEZ'),
(8, 'ELISABETH', 'PEREZ'),
(9, 'ELOISA', 'GOMEZ'),
(10, 'ELOY', 'MARTIN'),
(11, 'ELSA', 'JIMENEZ'),
(12, 'ELVIRA', 'RUIZ'),
(13, 'EMILIA', 'HERNANDEZ'),
(14, 'EMILIO', 'DIAZ'),
(15, 'EMA', 'MORENO'),
(16, 'EMANUEL', 'ALVAREZ'),
(17, 'EMILIO', 'MUNOZ'),
(18, 'ENCARNACION', 'ROMERO'),
(19, 'ENGRACIA', 'ALONSO'),
(20, 'ENRIQUE', 'GUTIERREZ'),
(21, 'ERASMO', 'NAVARRO'),
(22, 'ERICO', 'TORRES'),
(23, 'ERIC', 'DOMINGUEZ'),
(24, 'ERICA', 'VAZQUEZ'),
(25, 'ERNESTO', 'RAMOS'),
(26, 'ESMERALDA', 'GIL'),
(27, 'ESPERANZA', 'RAMIREZ'),
(28, 'ESTEBAN', 'SERRANO'),
(29, 'ESTEFANIA', 'BLANCO'),
(30, 'ESTELA', 'SUAREZ'),
(31, 'ESTER', 'MOLINA'),
(32, 'ETEL', 'MORALES'),
(33, 'EUCLIDES', 'ORTEGA'),
(34, 'EUDOSIA', 'DELGADO'),
(35, 'EUDOXIO', 'CASTRO'),
(36, 'EUFEMIO', 'ORTIZ'),
(37, 'EUFEMIA', 'RUBIO'),
(38, 'EUFRASIO', 'MARIN'),
(39, 'EUFRASIA', 'SANZ'),
(40, 'EUGENIO', 'NUnEZ'),
(41, 'Maria', 'Eugenia'),
(42, 'EULALIO', 'MEDINA'),
(43, 'EULALIA', 'garrido'),
(44, 'EUSEBIO', 'SANTOS'),
(45, 'EUSTAQUIO', 'CASTILLO'),
(46, 'EVA', 'CORTES'),
(47, 'EVANGELINA', 'LOZANO'),
(48, 'EVARISTO', 'GUERRERO'),
(49, 'EZEQUIEL', 'CANO'),
(50, 'JACINTO', 'PRIETO'),
(51, 'JACOBO', 'MENDEZ'),
(52, 'JAQUELINE', 'CALVO'),
(53, 'JAIRO', 'CRUZ'),
(54, 'JAVIER', 'Cabrera'),
(55, 'JAZMiN', 'Rios '),
(56, 'JAIME', 'Ferreyra'),
(57, 'JENNIFER', 'Godoy'),
(58, 'JEREMIAS', 'Morales'),
(59, 'JERONIMO', 'Dominguez '),
(60, 'JESSICA', 'Moreno'),
(61, 'JESUS', 'Peralta'),
(62, 'JOAQUIN', 'Vega'),
(63, 'JOB', 'Carrizo'),
(64, 'JONATAN', 'luna'),
(65, 'JORGE', 'Castillo'),
(66, 'JOSE', 'Ledesma'),
(67, 'JOSEFA', 'Munoz'),
(68, 'JOSEFINA', 'Ojeda'),
(69, 'JONAS', 'ponce'),
(70, 'JOSUE', 'vera'),
(71, 'JUAN', 'vazquez'),
(72, 'JUANA', 'villalba'),
(73, 'JUDA', 'cardozo'),
(74, 'Ana', 'navarro'),
(75, 'JULIA', 'ramos'),
(76, 'JULIANA', 'farias'),
(77, 'JULIO', 'MOYA'),
(78, 'JULIAN', 'ESTEBAN'),
(79, 'JUSTINIANO', 'PARRA'),
(80, 'JUSTO', 'BRAVO'),
(81, 'edgardo', 'GALLARDO'),
(82, 'edith', 'ROJAS'),
(83, 'edmundo', 'CARMONA'),
(84, 'eduardo', 'CRESPO'),
(85, 'efrain', 'ROMAN'),
(86, 'efren', 'PASTOR'),
(87, 'elena', 'SOTO'),
(88, 'eleonor', 'SAEZ'),
(89, 'elias', 'VELASCO'),
(90, 'abel', 'SOLER'),
(91, 'denise', 'Ruiz'),
(92, 'diana', 'Ramirez'),
(93, 'miguel', 'Flores'),
(94, 'marcos', 'Acosta'),
(95, 'mariano', 'Benitez'),
(96, 'luis', 'Medina'),
(97, 'juan', 'Suarez'),
(98, 'francisco', 'Herrera'),
(99, 'alan', 'Aguirre'),
(100, 'mario', 'Pereyra');

-- --------------------------------------------------------

--
-- Table structure for table `Tutor_Telefono`
--

CREATE TABLE IF NOT EXISTS `Tutor_Telefono` (
  `ID_Tutor` int(11) NOT NULL,
  `Telefono` int(11) NOT NULL,
  PRIMARY KEY (`ID_Tutor`,`Telefono`)
) ENGINE=InnoDB DEFAULT CHARSET=latin1;

--
-- Dumping data for table `Tutor_Telefono`
--

INSERT INTO `Tutor_Telefono` (`ID_Tutor`, `Telefono`) VALUES
(1, 4116936),
(2, 4068908),
(3, 4071489),
(4, 4106663),
(5, 4071486),
(6, 4069021),
(7, 4066009),
(8, 4037565),
(9, 4095769),
(10, 4113831),
(11, 4102367),
(12, 4114546),
(13, 4042539),
(14, 4076550),
(15, 4049122),
(16, 4103276),
(17, 4094115),
(18, 4036662),
(19, 4080945),
(20, 4056230),
(21, 4084536),
(22, 4048431),
(23, 4064554),
(24, 4051927),
(25, 4053539),
(26, 4053345),
(27, 4093332),
(28, 4033230),
(29, 4033231),
(30, 4035232),
(31, 4022949),
(32, 4036634),
(33, 4133535),
(34, 4033236),
(35, 4033212),
(36, 4226654),
(37, 4055868),
(38, 4775768),
(39, 4495596),
(40, 4644576),
(41, 4141433),
(42, 4142443),
(43, 4033245),
(44, 4033246),
(45, 4033247),
(46, 4663393),
(47, 4033249),
(48, 4493934),
(49, 4493349),
(50, 4033252),
(51, 4475584),
(52, 4475585),
(53, 4475586),
(54, 4475587),
(55, 4475588),
(56, 4475589),
(57, 4475590),
(58, 4475591),
(59, 4822859),
(60, 4822860),
(61, 4822861),
(62, 4822862),
(63, 4822863),
(64, 4822864),
(65, 4822865),
(66, 4822866),
(67, 4822867),
(68, 4822868),
(69, 4402845),
(70, 4402846),
(71, 4402847),
(72, 4402848),
(73, 4402849),
(74, 4402850),
(75, 4402851),
(76, 4402852),
(77, 4402853),
(78, 4402854),
(79, 4402855),
(80, 4011932),
(81, 4011933),
(82, 4011934),
(83, 4011935),
(84, 4011936),
(85, 4011937),
(86, 4011938),
(87, 4011939),
(88, 4011940),
(89, 4011941),
(90, 4495592),
(91, 4495593),
(92, 4495594),
(93, 4495595),
(94, 4495596),
(95, 4495597),
(96, 4495598),
(97, 4495599),
(98, 4495600),
(99, 4495601),
(100, 4495602);

--
-- Constraints for dumped tables
--

--
-- Constraints for table `Cursando`
--
ALTER TABLE `Cursando`
  ADD CONSTRAINT `Cursando_ibfk_1` FOREIGN KEY (`ID_Alumno`) REFERENCES `Alumnos` (`ID_Alumno`) ON DELETE CASCADE ON UPDATE CASCADE;

--
-- Constraints for table `Grupo_Familiar`
--
ALTER TABLE `Grupo_Familiar`
  ADD CONSTRAINT `Grupo_Familiar_ibfk_2` FOREIGN KEY (`ID_Tutor`) REFERENCES `Tutores` (`ID_Tutor`) ON DELETE CASCADE ON UPDATE CASCADE,
  ADD CONSTRAINT `Grupo_Familiar_ibfk_1` FOREIGN KEY (`ID_Alumno`) REFERENCES `Alumnos` (`ID_Alumno`) ON DELETE CASCADE ON UPDATE CASCADE;

--
-- Constraints for table `Oficios_Tutores`
--
ALTER TABLE `Oficios_Tutores`
  ADD CONSTRAINT `Oficios_Tutores_ibfk_2` FOREIGN KEY (`ID_Oficio`) REFERENCES `Oficios` (`ID_Oficio`) ON DELETE CASCADE ON UPDATE CASCADE,
  ADD CONSTRAINT `Oficios_Tutores_ibfk_1` FOREIGN KEY (`ID_Tutor`) REFERENCES `Tutores` (`ID_Tutor`) ON DELETE CASCADE ON UPDATE CASCADE;

--
-- Constraints for table `Pagos`
--
ALTER TABLE `Pagos`
  ADD CONSTRAINT `Pagos_ibfk_1` FOREIGN KEY (`ID_Alumno`) REFERENCES `Alumnos` (`ID_Alumno`) ON DELETE CASCADE ON UPDATE CASCADE,
  ADD CONSTRAINT `Pagos_ibfk_2` FOREIGN KEY (`Mes`) REFERENCES `Cuota` (`Mes`) ON DELETE CASCADE ON UPDATE CASCADE;

--
-- Constraints for table `Tutor_Telefono`
--
ALTER TABLE `Tutor_Telefono`
  ADD CONSTRAINT `Tutor_Telefono_ibfk_1` FOREIGN KEY (`ID_Tutor`) REFERENCES `Tutores` (`ID_Tutor`) ON DELETE CASCADE ON UPDATE CASCADE;

/*!40101 SET CHARACTER_SET_CLIENT=@OLD_CHARACTER_SET_CLIENT */;
/*!40101 SET CHARACTER_SET_RESULTS=@OLD_CHARACTER_SET_RESULTS */;
/*!40101 SET COLLATION_CONNECTION=@OLD_COLLATION_CONNECTION */;
